X,Y,OGF_ID,LOCATION_ACCURACY,GEOMETRY_UPDATE_DATETIME,EFFECTIVE_DATETIME,SYSTEM_DATETIME,OBJECTID
-79.7662875,43.4182875,143649415,Within 10 metres,2021/07/29 10:38:39+00,2021/07/29 10:30:45+00,2021/08/03 11:09:25+00,1
-78.5225841,45.5770692,143649414,Within 10 metres,2021/07/29 10:38:39+00,2021/07/29 10:30:45+00,2021/08/03 11:09:25+00,17
-78.2912032999999,45.5188446,143649413,Within 10 metres,2021/07/29 10:38:39+00,2021/07/29 10:30:45+00,2021/08/03 11:09:25+00,33
-78.4130779,45.5252284,143649412,Within 10 metres,2021/07/29 10:38:39+00,2021/07/29 10:30:45+00,2021/08/03 11:09:25+00,49
-78.953,45.6035,143649410,Within 10 metres,2021/07/29 10:38:38+00,2021/07/29 10:30:45+00,2021/08/03 11:09:25+00,65
-77.8627163,45.5940179,143649407,Within 10 metres,2021/07/29 10:38:38+00,2021/07/29 10:30:45+00,2021/08/03 11:09:25+00,81
-78.9868529,45.6681285,143649405,Within 10 metres,2021/07/29 10:38:38+00,2021/07/29 10:30:45+00,2021/08/03 11:09:25+00,97
-78.689065,46.106,143649403,Within 10 metres,2021/07/29 10:38:38+00,2021/07/29 10:30:45+00,2021/08/03 11:09:25+00,113
-78.632,45.564304,143649400,Within 10 metres,2021/07/29 10:38:38+00,2021/07/29 10:30:45+00,2021/08/03 11:09:25+00,129
-78.233,45.188173,143649398,Within 10 metres,2021/07/29 10:38:38+00,2021/07/29 10:30:45+00,2021/08/03 11:09:25+00,145
-79.06,45.740064,143649396,Within 10 metres,2021/07/29 10:38:38+00,2021/07/29 10:30:45+00,2021/08/03 11:09:25+00,161
-78.2686504,45.5395142,143649394,Within 10 metres,2021/07/29 10:38:38+00,2021/07/29 10:30:45+00,2021/08/03 11:09:25+00,177
-78.099,45.649107,143649392,Within 10 metres,2021/07/29 10:38:38+00,2021/07/29 10:30:45+00,2021/08/03 11:09:25+00,193
-78.29985,45.577,143649391,Within 10 metres,2021/07/29 10:38:38+00,2021/07/29 10:30:45+00,2021/08/03 11:09:25+00,209
-78.3600399,45.6357448,143649389,Within 10 metres,2021/07/29 10:38:38+00,2021/07/29 10:30:45+00,2021/08/03 11:09:25+00,225
-78.419579,45.5563108,143649387,Within 10 metres,2021/07/29 10:38:38+00,2021/07/29 10:30:45+00,2021/08/03 11:09:25+00,241
-78.6952209,45.5427005,143649385,Within 10 metres,2021/07/29 10:38:38+00,2021/07/29 10:30:45+00,2021/08/03 11:09:25+00,257
-78.3400657,45.591792,143649383,Within 10 metres,2021/07/29 10:38:38+00,2021/07/29 10:30:45+00,2021/08/03 11:09:25+00,273
-78.6493058,45.5479303,143649382,Within 10 metres,2021/07/29 10:38:38+00,2021/07/29 10:30:45+00,2021/08/03 11:09:25+00,289
-78.4068974,45.5793336,143649381,Within 10 metres,2021/07/29 10:38:38+00,2021/07/29 10:30:45+00,2021/08/03 11:09:25+00,305
-78.1891416,45.2406822,143649380,Within 10 metres,2021/07/29 10:38:38+00,2021/07/29 10:30:45+00,2021/08/03 11:09:25+00,321
-78.6030438,45.5557037,143649379,Within 10 metres,2021/07/29 10:38:38+00,2021/07/29 10:30:45+00,2021/08/03 11:09:25+00,337
-79.7654449,43.4122739,143649378,Within 10 metres,2021/07/29 10:38:38+00,2021/07/29 10:30:45+00,2021/08/03 11:09:25+00,353
-78.708143,45.535333,143649377,Within 10 metres,2021/07/29 10:38:38+00,2021/07/29 10:30:45+00,2021/08/03 11:09:25+00,369
-77.6349771,45.8899970000001,143649375,Within 10 metres,2021/07/29 10:38:38+00,2021/07/29 10:30:45+00,2021/08/03 11:09:25+00,385
-78.5252053,45.572665,143649372,Within 10 metres,2021/07/29 10:38:38+00,2021/07/29 10:30:45+00,2021/08/03 11:09:25+00,401
-78.4860892,46.0253848,143649369,Within 10 metres,2021/07/29 10:38:38+00,2021/07/29 10:30:45+00,2021/08/03 11:09:25+00,417
-78.7980213,45.46337,143649367,Within 10 metres,2021/07/29 10:38:38+00,2021/07/29 10:30:45+00,2021/08/03 11:09:25+00,433
-78.3993618,45.5807547,143649365,Within 10 metres,2021/07/29 10:38:38+00,2021/07/29 10:30:45+00,2021/08/03 11:09:25+00,449
-78.5516971,45.5650328,143649363,Within 10 metres,2021/07/29 10:38:38+00,2021/07/29 10:30:45+00,2021/08/03 11:09:25+00,465
-78.5123426,45.5798649,143649362,Within 10 metres,2021/07/29 10:38:38+00,2021/07/29 10:30:45+00,2021/08/03 11:09:25+00,481
-78.2920896,45.5528679,143649360,Within 10 metres,2021/07/29 10:38:38+00,2021/07/29 10:30:45+00,2021/08/03 11:09:25+00,497
-78.1488997,45.1948903,143649358,Within 10 metres,2021/07/29 10:38:38+00,2021/07/29 10:30:45+00,2021/08/03 11:09:25+00,513
-78.7069435,45.5349071,143649356,Within 10 metres,2021/07/29 10:38:38+00,2021/07/29 10:30:45+00,2021/08/03 11:09:25+00,529
-78.5146086,45.5779046,143649354,Within 10 metres,2021/07/29 10:38:38+00,2021/07/29 10:30:45+00,2021/08/03 11:09:25+00,545
-78.2804755,45.5534829,143649352,Within 10 metres,2021/07/29 10:38:38+00,2021/07/29 10:30:45+00,2021/08/03 11:09:25+00,561
-78.756631,45.4852475,143649349,Within 10 metres,2021/07/29 10:38:38+00,2021/07/29 10:30:45+00,2021/08/03 11:09:25+00,577
-78.8198754,45.4419568,143649348,Within 10 metres,2021/07/29 10:38:38+00,2021/07/29 10:30:45+00,2021/08/03 11:09:25+00,593
-77.7553946,45.8672767,143649346,Within 10 metres,2021/07/29 10:38:38+00,2021/07/29 10:30:45+00,2021/08/03 11:09:25+00,609
-78.1891416,45.2406822,143649344,Within 10 metres,2021/07/29 10:38:38+00,2021/07/29 10:30:45+00,2021/08/03 11:09:25+00,625
-78.098,46.088254,143649341,Within 10 metres,2021/07/29 10:38:38+00,2021/07/29 10:30:45+00,2021/08/03 11:09:25+00,641
-78.296,46.132946,143649339,Within 10 metres,2021/07/29 10:38:38+00,2021/07/29 10:30:45+00,2021/08/03 11:09:25+00,657
-77.5429999999999,45.830102,143649337,Within 10 metres,2021/07/29 10:38:38+00,2021/07/29 10:30:45+00,2021/08/03 11:09:25+00,673
-78.2814864,45.5303198,143649335,Within 10 metres,2021/07/29 10:38:38+00,2021/07/29 10:30:45+00,2021/08/03 11:09:25+00,689
-78.7061451,45.5285642,143649332,Within 10 metres,2021/07/29 10:38:38+00,2021/07/29 10:30:45+00,2021/08/03 11:09:25+00,705
-79.7640894,43.4082284,143649330,Within 10 metres,2021/07/29 10:38:38+00,2021/07/29 10:30:45+00,2021/08/03 11:09:25+00,721
-78.2698633,45.5507678,143649327,Within 10 metres,2021/07/29 10:38:38+00,2021/07/29 10:30:45+00,2021/08/03 11:09:25+00,737
-78.1636901,45.3829647,143649325,Within 10 metres,2021/07/29 10:38:38+00,2021/07/29 10:30:45+00,2021/08/03 11:09:25+00,753
-78.423,46.09894,143649323,Within 10 metres,2021/07/29 10:38:38+00,2021/07/29 10:30:45+00,2021/08/03 11:09:25+00,769
-79.7497947,43.408752,143649321,Within 10 metres,2021/07/29 10:38:38+00,2021/07/29 10:30:45+00,2021/08/03 11:09:25+00,785
-80.3344513,42.7019938,143649320,Within 10 metres,2021/07/29 10:38:38+00,2021/07/29 10:30:45+00,2021/08/03 11:09:25+00,801
-80.331238,42.7068806,143649319,Within 10 metres,2021/07/29 10:38:37+00,2021/07/29 10:30:45+00,2021/08/03 11:09:25+00,817
-78.702,45.533032,143649318,Within 10 metres,2021/07/29 10:38:37+00,2021/07/29 10:30:45+00,2021/08/03 11:09:25+00,833
-78.708054,45.535078,143649317,Within 10 metres,2021/07/29 10:38:37+00,2021/07/29 10:30:45+00,2021/08/03 11:09:25+00,849
-77.7581678,45.8671252,143649316,Within 10 metres,2021/07/29 10:38:37+00,2021/07/29 10:30:45+00,2021/08/03 11:09:25+00,865
-79.132565,45.8839393,143649315,Within 10 metres,2021/07/29 10:38:37+00,2021/07/29 10:30:45+00,2021/08/03 11:09:25+00,881
-78.3734416,45.5873131,143649314,Within 10 metres,2021/07/29 10:38:37+00,2021/07/29 10:30:45+00,2021/08/03 11:09:25+00,897
-80.337836,42.700439,143649313,Within 10 metres,2021/07/29 10:38:37+00,2021/07/29 10:30:45+00,2021/08/03 11:09:25+00,913
-77.7553946,45.8672767,143649310,Within 10 metres,2021/07/29 10:38:37+00,2021/07/29 10:30:45+00,2021/08/03 11:09:25+00,929
-78.5774994,45.5599753,143649309,Within 10 metres,2021/07/29 10:38:37+00,2021/07/29 10:30:45+00,2021/08/03 11:09:25+00,945
-78.1520466,45.1939924,143649307,Within 10 metres,2021/07/29 10:38:37+00,2021/07/29 10:30:45+00,2021/08/03 11:09:25+00,961
-79.7503395,43.4111389,143649305,Within 10 metres,2021/07/29 10:38:37+00,2021/07/29 10:30:45+00,2021/08/03 11:09:25+00,977
-77.249682,43.9049524,143649303,Within 10 metres,2021/07/29 10:38:37+00,2021/07/29 10:30:45+00,2021/08/03 11:09:25+00,993
-79.7597269,43.4107474,143649301,Within 10 metres,2021/07/29 10:38:37+00,2021/07/29 10:30:45+00,2021/08/03 11:09:25+00,1009
-78.4598656,46.0655323,143649299,Within 10 metres,2021/07/29 10:38:37+00,2021/07/29 10:30:45+00,2021/08/03 11:09:25+00,1025
-78.3993902,45.5181876,143649297,Within 10 metres,2021/07/29 10:38:37+00,2021/07/29 10:30:45+00,2021/08/03 11:09:25+00,1041
-79.185,45.922976,143649295,Within 10 metres,2021/07/29 10:38:37+00,2021/07/29 10:30:45+00,2021/08/03 11:09:25+00,1057
-78.2629563,45.5439499,143649294,Within 10 metres,2021/07/29 10:38:37+00,2021/07/29 10:30:45+00,2021/08/03 11:09:25+00,1073
-77.789255,45.720641,143649292,Within 10 metres,2021/07/29 10:38:37+00,2021/07/29 10:30:45+00,2021/08/03 11:09:25+00,1089
-78.4538861,45.5791687,143649291,Within 10 metres,2021/07/29 10:38:37+00,2021/07/29 10:30:45+00,2021/08/03 11:09:25+00,1105
-78.722,45.3701170000001,143649290,Within 10 metres,2021/07/29 10:38:37+00,2021/07/29 10:30:45+00,2021/08/03 11:09:25+00,1121
-78.2711823,45.5490441,143649289,Within 10 metres,2021/07/29 10:38:37+00,2021/07/29 10:30:45+00,2021/08/03 11:09:25+00,1137
-79.7576712,43.3989724,143649288,Within 10 metres,2021/07/29 10:38:37+00,2021/07/29 10:30:45+00,2021/08/03 11:09:25+00,1153
-79.7634804,43.4163886,143649287,Within 10 metres,2021/07/29 10:38:37+00,2021/07/29 10:30:45+00,2021/08/03 11:09:25+00,1169
-80.3373839,42.7085029,143649286,Within 10 metres,2021/07/29 10:38:37+00,2021/07/29 10:30:45+00,2021/08/03 11:09:25+00,1185
-77.2702454,43.9078472,143649283,Within 10 metres,2021/07/29 10:38:37+00,2021/07/29 10:30:45+00,2021/08/03 11:09:25+00,1201
-77.2696599,43.9091553,143649281,Within 10 metres,2021/07/29 10:38:37+00,2021/07/29 10:30:45+00,2021/08/03 11:09:25+00,1217
-77.2727593,43.9083733000001,143649278,Within 10 metres,2021/07/29 10:38:37+00,2021/07/29 10:30:45+00,2021/08/03 11:09:25+00,1233
-77.2606356,43.8987342,143649275,Within 10 metres,2021/07/29 10:38:37+00,2021/07/29 10:30:45+00,2021/08/03 11:09:25+00,1249
-77.2194972,43.8930527,143649273,Within 10 metres,2021/07/29 10:38:37+00,2021/07/29 10:30:45+00,2021/08/03 11:09:25+00,1265
-77.606,45.945182,143649271,Within 10 metres,2021/07/29 10:38:37+00,2021/07/29 10:30:45+00,2021/08/03 11:09:25+00,1281
-78.5930892,45.5518832,143649270,Within 10 metres,2021/07/29 10:38:37+00,2021/07/29 10:30:45+00,2021/08/03 11:09:25+00,1297
-78.242151,45.489075,143649268,Within 10 metres,2021/07/29 10:38:37+00,2021/07/29 10:30:45+00,2021/08/03 11:09:25+00,1313
-78.063,45.960188,143649266,Within 10 metres,2021/07/29 10:38:37+00,2021/07/29 10:30:45+00,2021/08/03 11:09:25+00,1329
-78.8830136,46.0888895000001,143649263,Within 10 metres,2021/07/29 10:38:37+00,2021/07/29 10:30:45+00,2021/08/03 11:09:25+00,1345
-78.374,45.587205,143649260,Within 10 metres,2021/07/29 10:38:37+00,2021/07/29 10:30:45+00,2021/08/03 11:09:25+00,1361
-75.8312382,45.0658152,181183349,Within 10 metres,2022/07/15 17:01:56+00,2022/07/15 16:52:25+00,2022/07/15 22:09:25+00,1601
-75.7979693,45.3730288,181183337,Within 10 metres,2022/07/15 17:01:56+00,2022/07/15 16:51:58+00,2022/07/15 22:09:25+00,1617
-76.0932081,45.5001402,181183346,Within 10 metres,2022/07/15 17:01:56+00,2022/07/15 16:52:25+00,2022/07/15 22:09:25+00,1633
-75.4918954,45.5053659,181183348,Within 10 metres,2022/07/15 17:01:56+00,2022/07/15 16:52:25+00,2022/07/15 22:09:25+00,1649
-76.0429591,45.3546328,181183343,Within 10 metres,2022/07/15 17:01:56+00,2022/07/15 16:52:25+00,2022/07/15 22:09:25+00,1665
-75.9981198,45.3507891,181183341,Within 10 metres,2022/07/15 17:01:57+00,2022/07/15 16:52:25+00,2022/07/15 22:09:25+00,1681
-75.6671896,45.4524115,181183339,Within 10 metres,2022/07/15 17:01:56+00,2022/07/15 16:52:25+00,2022/07/15 22:09:25+00,1697
-76.0919319,45.5007063,181183347,Within 10 metres,2022/07/15 17:01:57+00,2022/07/15 16:52:25+00,2022/07/15 22:09:25+00,1713
-75.8195006,45.072405,181183350,Within 10 metres,2022/07/15 17:01:56+00,2022/07/15 16:52:25+00,2022/07/15 22:09:25+00,1729
-75.6651893,45.4512095,181183338,Within 10 metres,2022/07/15 17:01:56+00,2022/07/15 16:52:25+00,2022/07/15 22:09:25+00,1745
-75.6614684,45.4430543,181183340,Within 10 metres,2022/07/15 17:01:56+00,2022/07/15 16:52:25+00,2022/07/15 22:09:25+00,1761
-76.0378703,45.3538177,181183342,Within 10 metres,2022/07/15 17:01:56+00,2022/07/15 16:52:25+00,2022/07/15 22:09:25+00,1777
-75.9275753,45.4066166,181183345,Within 10 metres,2022/07/15 17:01:56+00,2022/07/15 16:52:25+00,2022/07/15 22:09:25+00,1793
-76.2707672,45.4592556,181183344,Within 10 metres,2022/07/15 17:01:56+00,2022/07/15 16:52:25+00,2022/07/15 22:09:25+00,1809
-75.8586372,45.3327861,181567049,Within 10 metres,2022/07/19 15:54:37+00,2022/07/19 15:52:07+00,2022/07/19 22:39:25+00,1921
-75.7274259,45.3223622,181567070,Within 10 metres,2022/07/19 15:54:37+00,2022/07/19 15:52:07+00,2022/07/19 22:39:25+00,1937
-76.9710655,45.2396152,181566924,Within 10 metres,2022/07/19 15:55:46+00,2022/07/19 10:35:28+00,2022/07/19 22:39:25+00,1953
-75.6558678,45.0390032,181470913,Within 10 metres,2022/07/19 11:33:03+00,2022/07/18 11:05:03+00,2022/07/19 22:39:25+00,1969
-75.6341078,44.9958834,181470918,Within 10 metres,2022/07/19 11:33:03+00,2022/07/18 11:08:32+00,2022/07/19 22:39:25+00,1985
-75.8100014,45.3249335,181567050,Within 10 metres,2022/07/19 15:54:37+00,2022/07/19 15:52:07+00,2022/07/19 22:39:25+00,2001
-75.7397369,45.3911895,181567076,Within 10 metres,2022/07/19 15:54:37+00,2022/07/19 15:52:07+00,2022/07/19 22:39:25+00,2017
-75.6428186,45.0194377,181470915,Within 10 metres,2022/07/19 11:33:03+00,2022/07/18 11:06:43+00,2022/07/19 22:39:25+00,2033
-75.813812,45.2870626,181567043,Within 10 metres,2022/07/19 15:54:37+00,2022/07/19 15:51:10+00,2022/07/19 22:39:25+00,2049
-75.7427981,45.3275209,181567071,Within 10 metres,2022/07/19 15:54:37+00,2022/07/19 15:52:07+00,2022/07/19 22:39:25+00,2065
-76.7803062,45.2736073,181566920,Within 10 metres,2022/07/19 15:55:46+00,2022/07/19 10:33:31+00,2022/07/19 22:39:25+00,2081
-75.5130063,45.3948328,181567064,Within 10 metres,2022/07/19 15:54:37+00,2022/07/19 15:52:07+00,2022/07/19 22:39:25+00,2097
-75.8643936,45.3157138,181567072,Within 10 metres,2022/07/19 15:54:37+00,2022/07/19 15:52:07+00,2022/07/19 22:39:25+00,2113
-75.5587039,45.404284,181567061,Within 10 metres,2022/07/19 15:54:37+00,2022/07/19 15:52:07+00,2022/07/19 22:39:25+00,2129
-76.771611,45.2641993,181566921,Within 10 metres,2022/07/19 15:55:46+00,2022/07/19 10:33:39+00,2022/07/19 22:39:25+00,2145
-75.8210509,45.2997912,181567044,Within 10 metres,2022/07/19 15:54:37+00,2022/07/19 15:52:07+00,2022/07/19 22:39:25+00,2161
-75.8037767,45.3238683,181567051,Within 10 metres,2022/07/19 15:54:37+00,2022/07/19 15:52:07+00,2022/07/19 22:39:25+00,2177
-75.6709189,45.4572984,181567075,Within 10 metres,2022/07/19 15:54:37+00,2022/07/19 15:52:07+00,2022/07/19 22:39:25+00,2193
-75.8156976,45.293348,181567045,Within 10 metres,2022/07/19 15:54:37+00,2022/07/19 15:52:07+00,2022/07/19 22:39:25+00,2209
-75.8605607,45.3542802,181567052,Within 10 metres,2022/07/19 15:54:37+00,2022/07/19 15:52:07+00,2022/07/19 22:39:25+00,2225
-75.6596006,45.0296369,181470909,Within 10 metres,2022/07/19 11:33:03+00,2022/07/18 11:03:02+00,2022/07/19 22:39:25+00,2241
-76.7846014,45.2793776,181566922,Within 10 metres,2022/07/19 15:55:46+00,2022/07/19 10:34:12+00,2022/07/19 22:39:25+00,2257
-75.6626966,45.4592289,181567074,Within 10 metres,2022/07/19 15:54:37+00,2022/07/19 15:52:07+00,2022/07/19 22:39:25+00,2273
-75.6254652,45.4630076,181567073,Within 10 metres,2022/07/19 15:54:37+00,2022/07/19 15:52:07+00,2022/07/19 22:39:25+00,2289
-75.8744499,45.3017543,181567048,Within 10 metres,2022/07/19 15:54:37+00,2022/07/19 15:52:07+00,2022/07/19 22:39:25+00,2305
-75.5640561,45.3470546,181567069,Within 10 metres,2022/07/19 15:54:37+00,2022/07/19 15:52:07+00,2022/07/19 22:39:25+00,2321
-75.7797554,45.378755,181567054,Within 10 metres,2022/07/19 15:54:37+00,2022/07/19 15:52:07+00,2022/07/19 22:39:25+00,2337
-75.8353214,45.2946467,181567047,Within 10 metres,2022/07/19 15:54:37+00,2022/07/19 15:52:07+00,2022/07/19 22:39:25+00,2353
-75.8836314,45.3653862,181567053,Within 10 metres,2022/07/19 15:54:37+00,2022/07/19 15:52:07+00,2022/07/19 22:39:25+00,2369
-75.6668065,45.0369351000001,181470906,Within 10 metres,2022/07/19 11:33:03+00,2022/07/18 10:59:09+00,2022/07/19 22:39:25+00,2385
-75.6456299,45.0182803,181470914,Within 10 metres,2022/07/19 11:33:03+00,2022/07/18 11:06:10+00,2022/07/19 22:39:25+00,2401
-75.762122,45.3968018,181567077,Within 10 metres,2022/07/19 15:54:37+00,2022/07/19 15:52:07+00,2022/07/19 22:39:25+00,2417
-75.7528004,45.4043752,181567055,Within 10 metres,2022/07/19 15:54:37+00,2022/07/19 15:52:07+00,2022/07/19 22:39:25+00,2433
-75.8168713,45.3065663,181567046,Within 10 metres,2022/07/19 15:54:37+00,2022/07/19 15:52:07+00,2022/07/19 22:39:25+00,2449
-75.7442217,45.410382,181567056,Within 10 metres,2022/07/19 15:54:37+00,2022/07/19 15:52:07+00,2022/07/19 22:39:25+00,2465
-75.6725086,45.04093,181470905,Within 10 metres,2022/07/19 11:33:03+00,2022/07/18 10:58:06+00,2022/07/19 22:39:25+00,2481
-75.6874165,45.4539903,181567068,Within 10 metres,2022/07/19 15:54:37+00,2022/07/19 15:52:07+00,2022/07/19 22:39:25+00,2497
-77.1914714,45.256204,181566923,Within 10 metres,2022/07/19 15:55:46+00,2022/07/19 10:34:57+00,2022/07/19 22:39:25+00,2513
-76.8087397,45.2731231,181566919,Within 10 metres,2022/07/19 15:55:46+00,2022/07/19 10:32:03+00,2022/07/19 22:39:25+00,2529
-75.6457902,45.0300642,181470910,Within 10 metres,2022/07/19 11:33:03+00,2022/07/18 11:03:47+00,2022/07/19 22:39:25+00,2545
-75.6487675,45.0325325,181470912,Within 10 metres,2022/07/19 11:33:03+00,2022/07/18 11:04:26+00,2022/07/19 22:39:25+00,2561
-75.5920834,45.3544136,181567060,Within 10 metres,2022/07/19 15:54:37+00,2022/07/19 15:52:07+00,2022/07/19 22:39:25+00,2577
-75.8326734,45.3032843,181567078,Within 10 metres,2022/07/19 15:54:37+00,2022/07/19 15:52:07+00,2022/07/19 22:39:25+00,2593
-75.6817093,45.3863884,181567079,Within 10 metres,2022/07/19 15:54:37+00,2022/07/19 15:52:07+00,2022/07/19 22:39:25+00,2609
-75.5815098,45.4663518,181567066,Within 10 metres,2022/07/19 15:54:37+00,2022/07/19 15:52:07+00,2022/07/19 22:39:25+00,2625
-75.5759246,45.452124,181567065,Within 10 metres,2022/07/19 15:54:37+00,2022/07/19 15:52:07+00,2022/07/19 22:39:25+00,2641
-75.7124334,45.4190535,181567057,Within 10 metres,2022/07/19 15:54:37+00,2022/07/19 15:52:07+00,2022/07/19 22:39:25+00,2657
-76.8121835,45.2730341,181566918,Within 10 metres,2022/07/19 15:55:46+00,2022/07/19 10:31:53+00,2022/07/19 22:39:25+00,2673
-75.5471555,45.4089116,181567062,Within 10 metres,2022/07/19 15:54:37+00,2022/07/19 15:52:07+00,2022/07/19 22:39:25+00,2689
-75.6963498,45.3721286,181567058,Within 10 metres,2022/07/19 15:54:37+00,2022/07/19 15:52:07+00,2022/07/19 22:39:25+00,2705
-75.6395313,45.0055782,181470917,Within 10 metres,2022/07/19 11:33:03+00,2022/07/18 11:08:05+00,2022/07/19 22:39:25+00,2721
-75.5510274,45.3922229,181567063,Within 10 metres,2022/07/19 15:54:37+00,2022/07/19 15:52:07+00,2022/07/19 22:39:25+00,2737
-75.6668367,45.0369841,181470907,Within 10 metres,2022/07/19 11:33:03+00,2022/07/18 11:01:05+00,2022/07/19 22:39:25+00,2753
-75.6652313,45.0340536,181470908,Within 10 metres,2022/07/19 11:33:03+00,2022/07/18 11:01:34+00,2022/07/19 22:39:25+00,2769
-75.6403347,45.023272,181470916,Within 10 metres,2022/07/19 11:33:03+00,2022/07/18 11:07:10+00,2022/07/19 22:39:25+00,2785
-75.6110472,45.46371,181567067,Within 10 metres,2022/07/19 15:54:37+00,2022/07/19 15:52:07+00,2022/07/19 22:39:25+00,2801
-75.608554,45.3375675,181567059,Within 10 metres,2022/07/19 15:54:37+00,2022/07/19 15:52:07+00,2022/07/19 22:39:25+00,2817
-76.6941419,44.2148066,186525183,Within 10 metres,2022/08/18 13:35:42+00,2022/08/18 13:20:42+00,2022/08/18 22:24:25+00,2881
-76.537471,44.2206878,186525182,Within 10 metres,2022/08/18 13:35:42+00,2022/08/18 13:20:42+00,2022/08/18 22:24:25+00,2897
-75.7304022,44.6302741,186525181,Within 10 metres,2022/08/18 13:35:42+00,2022/08/18 13:20:42+00,2022/08/18 22:24:25+00,2913
-77.5263775,44.5164904,186716944,Within 10 metres,2022/08/18 15:08:50+00,2022/08/18 15:03:55+00,2022/08/18 22:24:25+00,2929
-75.7094864,44.622585,186525180,Within 10 metres,2022/08/18 13:35:42+00,2022/08/18 13:20:42+00,2022/08/18 22:24:25+00,2945
-75.7759696,44.5771309,186525179,Within 10 metres,2022/08/18 13:35:42+00,2022/08/18 13:20:42+00,2022/08/18 22:24:25+00,2961
-75.7753183,44.5764503,186525178,Within 10 metres,2022/08/18 13:35:42+00,2022/08/18 13:20:42+00,2022/08/18 22:24:25+00,2977
-76.5070566,44.2822253000001,186525177,Within 10 metres,2022/08/18 13:35:42+00,2022/08/18 13:20:42+00,2022/08/18 22:24:25+00,2993
-76.5113092,44.2805455,186525176,Within 10 metres,2022/08/18 13:35:42+00,2022/08/18 13:20:42+00,2022/08/18 22:24:25+00,3009
-76.5220958,44.2772501,186525175,Within 10 metres,2022/08/18 13:35:42+00,2022/08/18 13:20:42+00,2022/08/18 22:24:25+00,3025
-76.587265,44.460571,186525174,Within 10 metres,2022/08/18 13:35:42+00,2022/08/18 13:20:42+00,2022/08/18 22:24:25+00,3041
-76.9913486,43.9352165,186716943,Within 10 metres,2022/08/18 15:08:50+00,2022/08/18 15:03:55+00,2022/08/18 22:24:25+00,3057
-77.3443295,44.2761973,186716942,Within 10 metres,2022/08/18 15:08:49+00,2022/08/18 15:03:55+00,2022/08/18 22:24:25+00,3073
-77.3525777,44.2737242,186716941,Within 10 metres,2022/08/18 15:08:49+00,2022/08/18 15:03:55+00,2022/08/18 22:24:25+00,3089
-77.3447231,44.2768579,186716940,Within 10 metres,2022/08/18 15:08:49+00,2022/08/18 15:03:55+00,2022/08/18 22:24:25+00,3105
-76.7797619,44.5590335,186716939,Within 10 metres,2022/08/18 15:08:49+00,2022/08/18 15:03:55+00,2022/08/18 22:24:25+00,3121
-77.1778097,43.957883,186716938,Within 10 metres,2022/08/18 15:08:50+00,2022/08/18 15:03:55+00,2022/08/18 22:24:25+00,3137
-77.3127702,44.1481833,186716952,Within 10 metres,2022/08/18 15:08:49+00,2022/08/18 15:03:55+00,2022/08/18 22:24:25+00,3153
-77.125404,44.0051367,186716951,Within 10 metres,2022/08/18 15:08:49+00,2022/08/18 15:03:55+00,2022/08/18 22:24:25+00,3169
-76.6066356,44.2201557,186525185,Within 10 metres,2022/08/18 13:35:42+00,2022/08/18 13:20:42+00,2022/08/18 22:24:25+00,3185
-77.3147525,44.3862242,186716950,Within 10 metres,2022/08/18 15:08:49+00,2022/08/18 15:03:55+00,2022/08/18 22:24:25+00,3201
-76.6095404,44.232258,186525184,Within 10 metres,2022/08/18 13:35:42+00,2022/08/18 13:20:42+00,2022/08/18 22:24:25+00,3217
-77.3146495,44.3919255,186716949,Within 10 metres,2022/08/18 15:08:50+00,2022/08/18 15:03:55+00,2022/08/18 22:24:25+00,3233
-77.1175466,44.5605572,186716948,Within 10 metres,2022/08/18 15:08:49+00,2022/08/18 15:03:55+00,2022/08/18 22:24:25+00,3249
-77.1167183,44.5592061,186716947,Within 10 metres,2022/08/18 15:08:50+00,2022/08/18 15:03:55+00,2022/08/18 22:24:25+00,3265
-77.4299787,44.1388206,186716946,Within 10 metres,2022/08/18 15:08:49+00,2022/08/18 15:03:55+00,2022/08/18 22:24:25+00,3281
-77.4290406,44.1375231,186716945,Within 10 metres,2022/08/18 15:08:49+00,2022/08/18 15:03:55+00,2022/08/18 22:24:25+00,3297
-76.272705,44.726837,319510577,Within 10 metres,2023/11/21 15:39:13+00,2023/11/21 10:50:11+00,2023/11/21 22:35:20+00,3521
-84.6994879,47.3701645,319510606,Within 10 metres,2023/11/21 15:39:14+00,2023/11/21 10:51:17+00,2023/11/21 22:35:20+00,3537
-76.8133148,45.0375378,319510686,Within 10 metres,2023/11/21 15:39:15+00,2023/11/21 10:50:21+00,2023/11/21 22:35:20+00,3553
-81.6516158,43.5111768,319510545,Within 10 metres,2023/11/21 15:39:14+00,2023/11/21 10:50:08+00,2023/11/21 22:35:20+00,3569
-81.2210489,44.2372155,319510654,Within 10 metres,2023/11/21 15:39:14+00,2023/11/21 10:50:18+00,2023/11/21 22:35:20+00,3585
-79.8157699,43.2116871,319510621,Within 10 metres,2023/11/21 15:39:13+00,2023/11/21 10:51:16+00,2023/11/21 22:35:20+00,3601
-84.2819963,46.8079837,319510658,Within 10 metres,2023/11/21 15:39:14+00,2023/11/21 10:51:17+00,2023/11/21 22:35:20+00,3617
-79.6788756,43.4893111,319510496,Within 10 metres,2023/11/21 15:39:14+00,2023/11/21 10:50:03+00,2023/11/21 22:35:20+00,3633
-79.8144674,43.9180233,319510526,Within 10 metres,2023/11/21 15:39:15+00,2023/11/21 10:50:07+00,2023/11/21 22:35:20+00,3649
-80.8175921,44.3334586,319510615,Within 10 metres,2023/11/21 15:39:14+00,2023/11/21 10:50:15+00,2023/11/21 22:35:20+00,3665
-80.8377964,44.5158246,319510475,Within 10 metres,2023/11/21 15:39:14+00,2023/11/21 10:50:01+00,2023/11/21 22:35:20+00,3681
-80.8955377,44.2609985,319510613,Within 10 metres,2023/11/21 15:39:13+00,2023/11/21 10:50:14+00,2023/11/21 22:35:20+00,3697
-76.6155548,45.1813526,319510678,Within 10 metres,2023/11/21 15:39:14+00,2023/11/21 10:50:20+00,2023/11/21 22:35:20+00,3713
-79.7512552,43.4597279,319510501,Within 10 metres,2023/11/21 15:39:15+00,2023/11/21 10:50:04+00,2023/11/21 22:35:20+00,3729
-81.8516441,42.3023039,319510656,Within 10 metres,2023/11/21 15:39:14+00,2023/11/21 10:50:18+00,2023/11/21 22:35:20+00,3745
-80.2734372,43.5874242,319510608,Within 10 metres,2023/11/21 15:39:13+00,2023/11/21 10:50:14+00,2023/11/21 22:35:20+00,3761
-81.4749122,43.9659036,319510662,Within 10 metres,2023/11/21 15:39:14+00,2023/11/21 10:50:18+00,2023/11/21 22:35:20+00,3777
-80.8677725,44.4954983,319510609,Within 10 metres,2023/11/21 15:39:15+00,2023/11/21 10:50:14+00,2023/11/21 22:35:20+00,3793
-79.9061997,43.2650228,319510553,Within 10 metres,2023/11/21 15:39:14+00,2023/11/21 10:50:09+00,2023/11/21 22:35:20+00,3809
-79.8214692,43.932076,319510693,Within 10 metres,2023/11/21 15:39:15+00,2023/11/21 10:50:21+00,2023/11/21 22:35:20+00,3825
-79.3114,46.3455244,319510544,Within 10 metres,2023/11/21 15:39:14+00,2023/11/21 10:50:08+00,2023/11/21 22:35:20+00,3841
-86.5849681,48.77635,319510576,Within 10 metres,2023/11/21 15:39:15+00,2023/11/21 10:50:11+00,2023/11/21 22:35:20+00,3857
-80.2768417,44.4281236,319510655,Within 10 metres,2023/11/21 15:39:15+00,2023/11/21 10:50:18+00,2023/11/21 22:35:20+00,3873
-76.6054418,45.1855242,319510669,Within 10 metres,2023/11/21 15:39:15+00,2023/11/21 10:50:19+00,2023/11/21 22:35:20+00,3889
-81.5578589,44.3245218,319510516,Within 10 metres,2023/11/21 15:39:13+00,2023/11/21 10:50:05+00,2023/11/21 22:35:20+00,3905
-79.8319686,43.9343613,319510631,Within 10 metres,2023/11/21 15:39:14+00,2023/11/21 10:50:16+00,2023/11/21 22:35:20+00,3921
-93.4778517,49.8996776,319510628,Within 10 metres,2023/11/21 15:39:15+00,2023/11/21 10:50:16+00,2023/11/21 22:35:20+00,3937
-81.4888275,44.404081,319510498,Within 10 metres,2023/11/21 15:39:14+00,2023/11/21 10:51:17+00,2023/11/21 22:35:20+00,3953
-81.0798779,43.973717,319510666,Within 10 metres,2023/11/21 15:39:14+00,2023/11/21 10:51:17+00,2023/11/21 22:35:20+00,3969
-79.3180072,46.3424543,319510681,Within 10 metres,2023/11/21 15:39:13+00,2023/11/21 10:50:20+00,2023/11/21 22:35:20+00,3985
-79.7184178,43.3764725,319510497,Within 10 metres,2023/11/21 15:39:13+00,2023/11/21 10:50:03+00,2023/11/21 22:35:20+00,4001
-79.8270842,43.9293198,319510660,Within 10 metres,2023/11/21 15:39:14+00,2023/11/21 10:50:18+00,2023/11/21 22:35:20+00,4017
-80.2881865,44.4242541,319510619,Within 10 metres,2023/11/21 15:39:15+00,2023/11/21 10:50:15+00,2023/11/21 22:35:20+00,4033
-79.8430818,43.955167,319510668,Within 10 metres,2023/11/21 15:39:14+00,2023/11/21 10:50:19+00,2023/11/21 22:35:20+00,4049
-81.1098562,44.699828,319510698,Within 10 metres,2023/11/21 15:39:13+00,2023/11/21 10:50:22+00,2023/11/21 22:35:20+00,4065
-80.931358,44.745869,319510573,Within 10 metres,2023/11/21 15:39:14+00,2023/11/21 10:50:11+00,2023/11/21 22:35:20+00,4081
-81.2305421,44.9672629,319510684,Within 10 metres,2023/11/21 15:39:15+00,2023/11/21 10:50:20+00,2023/11/21 22:35:20+00,4097
-80.8821402,44.2870327,319510610,Within 10 metres,2023/11/21 15:39:15+00,2023/11/21 10:50:14+00,2023/11/21 22:35:20+00,4113
-79.7548894,43.2109366,319510591,Within 10 metres,2023/11/21 15:39:13+00,2023/11/21 10:50:12+00,2023/11/21 22:35:20+00,4129
-76.6980289,45.1094725,319510637,Within 10 metres,2023/11/21 15:39:15+00,2023/11/21 10:50:16+00,2023/11/21 22:35:20+00,4145
-80.8100936,44.5073808,319510477,Within 10 metres,2023/11/21 15:39:13+00,2023/11/21 10:50:02+00,2023/11/21 22:35:20+00,4161
-80.4708447,42.6576304,319510627,Within 10 metres,2023/11/21 15:39:14+00,2023/11/21 10:50:15+00,2023/11/21 22:35:20+00,4177
-81.8013168,43.2834811,319510571,Within 10 metres,2023/11/21 15:39:14+00,2023/11/21 10:50:11+00,2023/11/21 22:35:20+00,4193
-76.8213569,45.0362282,319510650,Within 10 metres,2023/11/21 15:39:14+00,2023/11/21 10:50:17+00,2023/11/21 22:35:20+00,4209
-80.5428416,44.2851962,319510512,Within 10 metres,2023/11/21 15:39:14+00,2023/11/21 10:50:05+00,2023/11/21 22:35:20+00,4225
-79.8305694,43.9278331,319510634,Within 10 metres,2023/11/21 15:39:15+00,2023/11/21 10:50:16+00,2023/11/21 22:35:20+00,4241
-76.0757791,44.3541104,319510639,Within 10 metres,2023/11/21 15:39:14+00,2023/11/21 10:50:16+00,2023/11/21 22:35:20+00,4257
-79.9925445,43.2392017,319510600,Within 10 metres,2023/11/21 15:39:15+00,2023/11/21 10:50:13+00,2023/11/21 22:35:20+00,4273
-81.5233555,45.2362495,319510589,Within 10 metres,2023/11/21 15:39:14+00,2023/11/21 10:50:12+00,2023/11/21 22:35:20+00,4289
-81.1424363,44.8200518,319510630,Within 10 metres,2023/11/21 15:39:13+00,2023/11/21 10:50:16+00,2023/11/21 22:35:20+00,4305
-76.0748915,44.3540472,319510642,Within 10 metres,2023/11/21 15:39:14+00,2023/11/21 10:50:17+00,2023/11/21 22:35:20+00,4321
-76.553549,45.1777236,319510620,Within 10 metres,2023/11/21 15:39:15+00,2023/11/21 10:50:15+00,2023/11/21 22:35:20+00,4337
-91.1555851,48.6562914,319510495,Within 10 metres,2023/11/21 15:39:13+00,2023/11/21 10:51:16+00,2023/11/21 22:35:20+00,4353
-79.9066876,43.2865418,319510664,Within 10 metres,2023/11/21 15:39:14+00,2023/11/21 10:50:19+00,2023/11/21 22:35:20+00,4369
-76.5845419,45.1946921,319510672,Within 10 metres,2023/11/21 15:39:14+00,2023/11/21 10:50:19+00,2023/11/21 22:35:20+00,4385
-87.3968516,48.8382245,319510574,Within 10 metres,2023/11/21 15:39:15+00,2023/11/21 10:50:11+00,2023/11/21 22:35:20+00,4401
-81.0722595,44.6294584,319510612,Within 10 metres,2023/11/21 15:39:14+00,2023/11/21 10:50:14+00,2023/11/21 22:35:20+00,4417
-81.4824309,43.6252826,319510467,Within 10 metres,2023/11/21 15:39:15+00,2023/11/21 10:50:01+00,2023/11/21 22:35:20+00,4433
-80.0244321,43.9806099,319510522,Within 10 metres,2023/11/21 15:39:14+00,2023/11/21 10:50:06+00,2023/11/21 22:35:20+00,4449
-76.7617821,45.0782686,319510675,Within 10 metres,2023/11/21 15:39:15+00,2023/11/21 10:50:20+00,2023/11/21 22:35:20+00,4465
-80.0214078,43.8243999,319510565,Within 10 metres,2023/11/21 15:39:13+00,2023/11/21 10:50:10+00,2023/11/21 22:35:20+00,4481
-81.1041623,44.7000435,319510697,Within 10 metres,2023/11/21 15:39:14+00,2023/11/21 10:50:22+00,2023/11/21 22:35:20+00,4497
-76.3721026,45.3325058,319510474,Within 10 metres,2023/11/21 15:39:14+00,2023/11/21 10:50:01+00,2023/11/21 22:35:20+00,4513
-80.7968783,44.53679,319510597,Within 10 metres,2023/11/21 15:39:15+00,2023/11/21 10:50:13+00,2023/11/21 22:35:20+00,4529
-79.9038832,43.2840105,319510667,Within 10 metres,2023/11/21 15:39:14+00,2023/11/21 10:50:19+00,2023/11/21 22:35:20+00,4545
-80.9294494,44.5505727,319510569,Within 10 metres,2023/11/21 15:39:15+00,2023/11/21 10:50:10+00,2023/11/21 22:35:20+00,4561
-91.9338133,50.1035729,319510524,Within 10 metres,2023/11/21 15:39:14+00,2023/11/21 10:50:06+00,2023/11/21 22:35:20+00,4577
-83.1062941,46.2670346,319510687,Within 10 metres,2023/11/21 15:39:14+00,2023/11/21 10:51:17+00,2023/11/21 22:35:20+00,4593
-76.2583848,45.2445471,319510670,Within 10 metres,2023/11/21 15:39:14+00,2023/11/21 10:50:19+00,2023/11/21 22:35:20+00,4609
-76.28543,44.714721,319510578,Within 10 metres,2023/11/21 15:39:13+00,2023/11/21 10:51:16+00,2023/11/21 22:35:20+00,4625
-82.5124533,41.9332587,319510518,Within 10 metres,2023/11/21 15:39:14+00,2023/11/21 10:51:16+00,2023/11/21 22:35:20+00,4641
-79.9224218,43.4961983,319510510,Within 10 metres,2023/11/21 15:39:14+00,2023/11/21 10:51:16+00,2023/11/21 22:35:20+00,4657
-79.3081689,46.3479894,319510651,Within 10 metres,2023/11/21 15:39:14+00,2023/11/21 10:50:17+00,2023/11/21 22:35:20+00,4673
-76.0217952,44.5179871,319510532,Within 10 metres,2023/11/21 15:39:15+00,2023/11/21 10:50:07+00,2023/11/21 22:35:20+00,4689
-79.7134485,43.4478487,319510503,Within 10 metres,2023/11/21 15:39:14+00,2023/11/21 10:50:04+00,2023/11/21 22:35:20+00,4705
-76.54512,44.9936217,319510671,Within 10 metres,2023/11/21 15:39:15+00,2023/11/21 10:50:19+00,2023/11/21 22:35:20+00,4721
-80.0142036,43.9935246,319510625,Within 10 metres,2023/11/21 15:39:15+00,2023/11/21 10:50:15+00,2023/11/21 22:35:20+00,4737
-77.8000993,44.295959,319510633,Within 10 metres,2023/11/21 15:39:15+00,2023/11/21 10:50:16+00,2023/11/21 22:35:20+00,4753
-82.7507472,45.7919308,319510490,Within 10 metres,2023/11/21 15:39:15+00,2023/11/21 10:50:03+00,2023/11/21 22:35:20+00,4769
-94.0495998,49.4252303,319510464,Within 10 metres,2023/11/21 15:39:15+00,2023/11/21 10:50:00+00,2023/11/21 22:35:20+00,4785
-79.832967,43.9261905,319510523,Within 10 metres,2023/11/21 15:39:14+00,2023/11/21 10:50:06+00,2023/11/21 22:35:20+00,4801
-81.8544111,42.2816866,319510688,Within 10 metres,2023/11/21 15:39:14+00,2023/11/21 10:50:21+00,2023/11/21 22:35:20+00,4817
-80.7168471,44.4164046,319510617,Within 10 metres,2023/11/21 15:39:15+00,2023/11/21 10:50:15+00,2023/11/21 22:35:20+00,4833
-84.3033232,46.8047251,319510647,Within 10 metres,2023/11/21 15:39:14+00,2023/11/21 10:51:16+00,2023/11/21 22:35:20+00,4849
-79.8274929,43.9334855,319510692,Within 10 metres,2023/11/21 15:39:13+00,2023/11/21 10:50:21+00,2023/11/21 22:35:20+00,4865
-80.3067832999999,44.4415011,319510622,Within 10 metres,2023/11/21 15:39:14+00,2023/11/21 10:50:15+00,2023/11/21 22:35:20+00,4881
-79.3146954,44.0342271,319510677,Within 10 metres,2023/11/21 15:39:14+00,2023/11/21 10:50:20+00,2023/11/21 22:35:20+00,4897
-81.0120192,44.6759491,319510560,Within 10 metres,2023/11/21 15:39:15+00,2023/11/21 10:50:10+00,2023/11/21 22:35:20+00,4913
-76.27069,44.85128,319510585,Within 10 metres,2023/11/21 15:39:15+00,2023/11/21 10:50:12+00,2023/11/21 22:35:20+00,4929
-88.7790431,48.3853562,319510570,Within 10 metres,2023/11/21 15:39:15+00,2023/11/21 10:50:11+00,2023/11/21 22:35:20+00,4945
-76.4047194,44.506438,319510564,Within 10 metres,2023/11/21 15:39:13+00,2023/11/21 10:50:10+00,2023/11/21 22:35:20+00,4961
-80.7630411,44.406885,319510616,Within 10 metres,2023/11/21 15:39:15+00,2023/11/21 10:50:15+00,2023/11/21 22:35:20+00,4977
-84.35218,46.7858781,319510657,Within 10 metres,2023/11/21 15:39:14+00,2023/11/21 10:51:16+00,2023/11/21 22:35:20+00,4993
-81.3804637,46.5882748,319510701,Within 10 metres,2023/11/21 15:39:14+00,2023/11/21 10:51:17+00,2023/11/21 22:35:20+00,5009
-80.1493882,44.1738332,319510602,Within 10 metres,2023/11/21 15:39:14+00,2023/11/21 10:50:13+00,2023/11/21 22:35:20+00,5025
-76.5076248,44.2830692,319510491,Within 10 metres,2023/11/21 15:39:15+00,2023/11/21 10:50:03+00,2023/11/21 22:35:20+00,5041
-79.3332285,44.2221452,319510487,Within 10 metres,2023/11/21 15:39:14+00,2023/11/21 10:50:02+00,2023/11/21 22:35:20+00,5057
-78.782937,43.8723364,319510483,Within 10 metres,2023/11/21 15:39:15+00,2023/11/21 10:50:02+00,2023/11/21 22:35:20+00,5073
-88.7498092,48.4644197,319510599,Within 10 metres,2023/11/21 15:39:14+00,2023/11/21 10:50:13+00,2023/11/21 22:35:20+00,5089
-81.3810596,46.588376,319510702,Within 10 metres,2023/11/21 15:39:14+00,2023/11/21 10:51:17+00,2023/11/21 22:35:20+00,5105
-79.3611416,44.5857764,319510531,Within 10 metres,2023/11/21 15:39:13+00,2023/11/21 10:50:07+00,2023/11/21 22:35:20+00,5121
-81.4866217,43.6368477,319510468,Within 10 metres,2023/11/21 15:39:14+00,2023/11/21 10:50:01+00,2023/11/21 22:35:20+00,5137
-76.4092778999999,44.6853591,319510582,Within 10 metres,2023/11/21 15:39:15+00,2023/11/21 10:50:12+00,2023/11/21 22:35:20+00,5153
-78.4589601,44.1196196,319510489,Within 10 metres,2023/11/21 15:39:14+00,2023/11/21 10:51:17+00,2023/11/21 22:35:20+00,5169
-80.4169096,44.3437391000001,319510513,Within 10 metres,2023/11/21 15:39:13+00,2023/11/21 10:50:05+00,2023/11/21 22:35:20+00,5185
-76.4742068,44.5047883,319510581,Within 10 metres,2023/11/21 15:39:14+00,2023/11/21 10:50:11+00,2023/11/21 22:35:20+00,5201
-79.9977183,43.2548406,319510507,Within 10 metres,2023/11/21 15:39:15+00,2023/11/21 10:50:05+00,2023/11/21 22:35:20+00,5217
-85.6475936,48.6952097,319510566,Within 10 metres,2023/11/21 15:39:14+00,2023/11/21 10:50:10+00,2023/11/21 22:35:20+00,5233
-80.9342034,44.5257775,319510478,Within 10 metres,2023/11/21 15:39:14+00,2023/11/21 10:50:02+00,2023/11/21 22:35:20+00,5249
-77.1593881,45.3529221,319510473,Within 10 metres,2023/11/21 15:39:15+00,2023/11/21 10:51:16+00,2023/11/21 22:35:20+00,5265
-79.3582932,44.0238881,319510543,Within 10 metres,2023/11/21 15:39:15+00,2023/11/21 10:50:08+00,2023/11/21 22:35:20+00,5281
-80.7334473,44.6376047,319510557,Within 10 metres,2023/11/21 15:39:15+00,2023/11/21 10:50:09+00,2023/11/21 22:35:20+00,5297
-84.7303189,47.7024286,319510499,Within 10 metres,2023/11/21 15:39:14+00,2023/11/21 10:50:04+00,2023/11/21 22:35:20+00,5313
-79.3229654,44.0424526,319510590,Within 10 metres,2023/11/21 15:39:15+00,2023/11/21 10:50:12+00,2023/11/21 22:35:20+00,5329
-94.0544859,49.4217745,319510575,Within 10 metres,2023/11/21 15:39:14+00,2023/11/21 10:50:11+00,2023/11/21 22:35:20+00,5345
-84.5611048,47.2783362,319510484,Within 10 metres,2023/11/21 15:39:14+00,2023/11/21 10:51:16+00,2023/11/21 22:35:20+00,5361
-81.0749146,44.7725818,319510537,Within 10 metres,2023/11/21 15:39:15+00,2023/11/21 10:50:08+00,2023/11/21 22:35:20+00,5377
-79.351257,43.1215718,319510572,Within 10 metres,2023/11/21 15:39:14+00,2023/11/21 10:50:11+00,2023/11/21 22:35:20+00,5393
-76.4206121,44.6172987,319510583,Within 10 metres,2023/11/21 15:39:14+00,2023/11/21 10:50:12+00,2023/11/21 22:35:20+00,5409
-80.2995185,43.1390581,319510592,Within 10 metres,2023/11/21 15:39:13+00,2023/11/21 10:50:12+00,2023/11/21 22:35:20+00,5425
-80.0074789,43.2342742,319510520,Within 10 metres,2023/11/21 15:39:14+00,2023/11/21 10:50:06+00,2023/11/21 22:35:20+00,5441
-79.7814435,43.2096451,319510534,Within 10 metres,2023/11/21 15:39:13+00,2023/11/21 10:50:07+00,2023/11/21 22:35:20+00,5457
-81.4799551,43.9679535,319510547,Within 10 metres,2023/11/21 15:39:15+00,2023/11/21 10:50:08+00,2023/11/21 22:35:20+00,5473
-76.8129276,45.0374655,319510683,Within 10 metres,2023/11/21 15:39:14+00,2023/11/21 10:50:20+00,2023/11/21 22:35:20+00,5489
-91.9132414,50.1102437,319510525,Within 10 metres,2023/11/21 15:39:14+00,2023/11/21 10:50:06+00,2023/11/21 22:35:20+00,5505
-79.9021656,43.284599,319510624,Within 10 metres,2023/11/21 15:39:13+00,2023/11/21 10:50:15+00,2023/11/21 22:35:20+00,5521
-81.0191076,44.6479246,319510558,Within 10 metres,2023/11/21 15:39:14+00,2023/11/21 10:50:09+00,2023/11/21 22:35:20+00,5537
-79.7730774,43.4419472,319510493,Within 10 metres,2023/11/21 15:39:14+00,2023/11/21 10:50:03+00,2023/11/21 22:35:20+00,5553
-79.8382738,43.9190766,319510652,Within 10 metres,2023/11/21 15:39:14+00,2023/11/21 10:50:18+00,2023/11/21 22:35:20+00,5569
-84.3369298,46.7953541,319510527,Within 10 metres,2023/11/21 15:39:15+00,2023/11/21 10:51:17+00,2023/11/21 22:35:20+00,5585
-81.3654042,43.9279819,319510479,Within 10 metres,2023/11/21 15:39:15+00,2023/11/21 10:50:02+00,2023/11/21 22:35:20+00,5601
-80.9556829,44.3987975,319510607,Within 10 metres,2023/11/21 15:39:14+00,2023/11/21 10:50:14+00,2023/11/21 22:35:20+00,5617
-94.0368883,49.4216949,319510508,Within 10 metres,2023/11/21 15:39:14+00,2023/11/21 10:50:05+00,2023/11/21 22:35:20+00,5633
-78.7573605,44.0585732,319510579,Within 10 metres,2023/11/21 15:39:14+00,2023/11/21 10:50:11+00,2023/11/21 22:35:20+00,5649
-79.7268369,43.3866935,319510494,Within 10 metres,2023/11/21 15:39:14+00,2023/11/21 10:50:03+00,2023/11/21 22:35:20+00,5665
-79.8348381,43.9327033,319510638,Within 10 metres,2023/11/21 15:39:15+00,2023/11/21 10:50:16+00,2023/11/21 22:35:20+00,5681
-76.3675483,45.3313345,319510605,Within 10 metres,2023/11/21 15:39:15+00,2023/11/21 10:50:14+00,2023/11/21 22:35:20+00,5697
-88.7429463,48.4484688,319510502,Within 10 metres,2023/11/21 15:39:14+00,2023/11/21 10:50:04+00,2023/11/21 22:35:20+00,5713
-79.3081517,46.3480117,319510595,Within 10 metres,2023/11/21 15:39:14+00,2023/11/21 10:50:13+00,2023/11/21 22:35:20+00,5729
-80.5847918,44.4425467,319510476,Within 10 metres,2023/11/21 15:39:14+00,2023/11/21 10:50:02+00,2023/11/21 22:35:20+00,5745
-79.9729317,43.63245,319510598,Within 10 metres,2023/11/21 15:39:14+00,2023/11/21 10:50:13+00,2023/11/21 22:35:20+00,5761
-81.0790668,44.5799593,319510528,Within 10 metres,2023/11/21 15:39:15+00,2023/11/21 10:50:07+00,2023/11/21 22:35:20+00,5777
-79.181798,44.0180201,319510594,Within 10 metres,2023/11/21 15:39:15+00,2023/11/21 10:50:13+00,2023/11/21 22:35:20+00,5793
-76.5083277,44.2810545,319510492,Within 10 metres,2023/11/21 15:39:14+00,2023/11/21 10:50:03+00,2023/11/21 22:35:20+00,5809
-79.3268375,44.0585622,319510648,Within 10 metres,2023/11/21 15:39:14+00,2023/11/21 10:50:17+00,2023/11/21 22:35:20+00,5825
-79.6952952,43.2055717,319510533,Within 10 metres,2023/11/21 15:39:14+00,2023/11/21 10:50:07+00,2023/11/21 22:35:20+00,5841
-80.3090082,44.4468354,319510580,Within 10 metres,2023/11/21 15:39:14+00,2023/11/21 10:50:11+00,2023/11/21 22:35:20+00,5857
-80.3684052999999,43.3087405,319510611,Within 10 metres,2023/11/21 15:39:15+00,2023/11/21 10:50:14+00,2023/11/21 22:35:20+00,5873
-76.2200459,44.7872165,319510556,Within 10 metres,2023/11/21 15:39:15+00,2023/11/21 10:50:09+00,2023/11/21 22:35:20+00,5889
-84.8473288,47.5845465,319510506,Within 10 metres,2023/11/21 15:39:14+00,2023/11/21 10:51:17+00,2023/11/21 22:35:20+00,5905
-82.7158567,46.5857554,319510480,Within 10 metres,2023/11/21 15:39:14+00,2023/11/21 10:50:02+00,2023/11/21 22:35:20+00,5921
-81.5035174,43.6335977,319510505,Within 10 metres,2023/11/21 15:39:14+00,2023/11/21 10:50:04+00,2023/11/21 22:35:20+00,5937
-79.9270784,43.6844812000001,319510601,Within 10 metres,2023/11/21 15:39:15+00,2023/11/21 10:50:13+00,2023/11/21 22:35:20+00,5953
-81.018153,44.6847956,319510561,Within 10 metres,2023/11/21 15:39:15+00,2023/11/21 10:50:10+00,2023/11/21 22:35:20+00,5969
-79.8247886,43.9293165,319510640,Within 10 metres,2023/11/21 15:39:14+00,2023/11/21 10:50:17+00,2023/11/21 22:35:20+00,5985
-88.8213009,48.3407774,319510517,Within 10 metres,2023/11/21 15:39:15+00,2023/11/21 10:50:06+00,2023/11/21 22:35:20+00,6001
-81.0989499,44.7002272,319510563,Within 10 metres,2023/11/21 15:39:14+00,2023/11/21 10:50:10+00,2023/11/21 22:35:20+00,6017
-81.213727,44.2382891,319510593,Within 10 metres,2023/11/21 15:39:15+00,2023/11/21 10:50:13+00,2023/11/21 22:35:20+00,6033
-76.0715149,44.3556025,319510470,Within 10 metres,2023/11/21 15:39:15+00,2023/11/21 10:50:01+00,2023/11/21 22:35:20+00,6049
-79.9002502,43.2851134,319510665,Within 10 metres,2023/11/21 15:39:14+00,2023/11/21 10:50:19+00,2023/11/21 22:35:20+00,6065
-91.1306266,48.6700408,319510661,Within 10 metres,2023/11/21 15:39:13+00,2023/11/21 10:51:17+00,2023/11/21 22:35:20+00,6081
-82.5360991,49.2983961,319510588,Within 10 metres,2023/11/21 15:39:14+00,2023/11/21 10:50:12+00,2023/11/21 22:35:20+00,6097
-79.2749137,43.1144184,319510530,Within 10 metres,2023/11/21 15:39:15+00,2023/11/21 10:51:17+00,2023/11/21 22:35:20+00,6113
-77.3369664,45.8538276,319510471,Within 10 metres,2023/11/21 15:39:14+00,2023/11/21 10:51:17+00,2023/11/21 22:35:20+00,6129
-80.5601254,42.6486521,319510623,Within 10 metres,2023/11/21 15:39:13+00,2023/11/21 10:50:15+00,2023/11/21 22:35:20+00,6145
-84.3319896,46.7966564,319510641,Within 10 metres,2023/11/21 15:39:14+00,2023/11/21 10:51:17+00,2023/11/21 22:35:20+00,6161
-80.2896016,44.4452064,319510659,Within 10 metres,2023/11/21 15:39:14+00,2023/11/21 10:50:18+00,2023/11/21 22:35:20+00,6177
-76.590989,45.2026027,319510673,Within 10 metres,2023/11/21 15:39:14+00,2023/11/21 10:50:19+00,2023/11/21 22:35:20+00,6193
-84.3195512,46.7999814,319510689,Within 10 metres,2023/11/21 15:39:13+00,2023/11/21 10:51:17+00,2023/11/21 22:35:20+00,6209
-76.5916021,45.1923896,319510603,Within 10 metres,2023/11/21 15:39:14+00,2023/11/21 10:50:13+00,2023/11/21 22:35:20+00,6225
-76.7089087,45.0995129,319510646,Within 10 metres,2023/11/21 15:39:14+00,2023/11/21 10:50:17+00,2023/11/21 22:35:20+00,6241
-81.1317129,44.8167128,319510685,Within 10 metres,2023/11/21 15:39:14+00,2023/11/21 10:50:20+00,2023/11/21 22:35:20+00,6257
-81.8509341,42.3140848,319510549,Within 10 metres,2023/11/21 15:39:15+00,2023/11/21 10:50:09+00,2023/11/21 22:35:20+00,6273
-77.3214281,45.7545043,319510472,Within 10 metres,2023/11/21 15:39:15+00,2023/11/21 10:50:01+00,2023/11/21 22:35:20+00,6289
-80.5664788,45.9318025,319510538,Within 10 metres,2023/11/21 15:39:14+00,2023/11/21 10:50:08+00,2023/11/21 22:35:20+00,6305
-76.5957243,45.2080932,319510680,Within 10 metres,2023/11/21 15:39:15+00,2023/11/21 10:50:20+00,2023/11/21 22:35:20+00,6321
-79.8228737,43.9288461,319510694,Within 10 metres,2023/11/21 15:39:14+00,2023/11/21 10:50:21+00,2023/11/21 22:35:20+00,6337
-81.0840116,43.9732177,319510682,Within 10 metres,2023/11/21 15:39:14+00,2023/11/21 10:50:20+00,2023/11/21 22:35:20+00,6353
-77.7073946,43.9968818,319510554,Within 10 metres,2023/11/21 15:39:14+00,2023/11/21 10:50:09+00,2023/11/21 22:35:20+00,6369
-81.5740778,43.6348759,319510481,Within 10 metres,2023/11/21 15:39:14+00,2023/11/21 10:50:02+00,2023/11/21 22:35:20+00,6385
-80.566208,43.6219904,319510515,Within 10 metres,2023/11/21 15:39:14+00,2023/11/21 10:50:05+00,2023/11/21 22:35:20+00,6401
-78.3542164,44.5515116,319510485,Within 10 metres,2023/11/21 15:39:15+00,2023/11/21 10:50:02+00,2023/11/21 22:35:20+00,6417
-78.0706218,44.920822,319510521,Within 10 metres,2023/11/21 15:39:14+00,2023/11/21 10:51:16+00,2023/11/21 22:35:20+00,6433
-76.03928,44.5038732,319510663,Within 10 metres,2023/11/21 15:39:14+00,2023/11/21 10:50:19+00,2023/11/21 22:35:20+00,6449
-76.1992221,44.532948,319510469,Within 10 metres,2023/11/21 15:39:15+00,2023/11/21 10:50:01+00,2023/11/21 22:35:20+00,6465
-79.8205496,43.927315,319510696,Within 10 metres,2023/11/21 15:39:14+00,2023/11/21 10:50:22+00,2023/11/21 22:35:20+00,6481
-91.1259364,48.6748058,319510519,Within 10 metres,2023/11/21 15:39:14+00,2023/11/21 10:50:06+00,2023/11/21 22:35:20+00,6497
-76.5594613,45.1764043,319510679,Within 10 metres,2023/11/21 15:39:14+00,2023/11/21 10:50:20+00,2023/11/21 22:35:20+00,6513
-77.3475597,45.5899081,319510629,Within 10 metres,2023/11/21 15:39:15+00,2023/11/21 10:50:16+00,2023/11/21 22:35:20+00,6529
-80.3233853,44.4034296,319510536,Within 10 metres,2023/11/21 15:39:13+00,2023/11/21 10:50:08+00,2023/11/21 22:35:20+00,6545
-81.1090175,44.8950901,319510644,Within 10 metres,2023/11/21 15:39:14+00,2023/11/21 10:50:17+00,2023/11/21 22:35:20+00,6561
-76.5551645,44.5045796,319510596,Within 10 metres,2023/11/21 15:39:14+00,2023/11/21 10:51:17+00,2023/11/21 22:35:20+00,6577
-76.6011386,45.2058459,319510699,Within 10 metres,2023/11/21 15:39:14+00,2023/11/21 10:50:22+00,2023/11/21 22:35:20+00,6593
-84.233761,49.2864312,319510555,Within 10 metres,2023/11/21 15:39:15+00,2023/11/21 10:51:16+00,2023/11/21 22:35:20+00,6609
-75.832987,44.973132,319510584,Within 10 metres,2023/11/21 15:39:14+00,2023/11/21 10:50:12+00,2023/11/21 22:35:20+00,6625
-80.3676603,44.4052996,319510514,Within 10 metres,2023/11/21 15:39:14+00,2023/11/21 10:50:05+00,2023/11/21 22:35:20+00,6641
-76.8193525,45.0414757,319510643,Within 10 metres,2023/11/21 15:39:14+00,2023/11/21 10:50:17+00,2023/11/21 22:35:20+00,6657
-80.27431,43.5879497,319510700,Within 10 metres,2023/11/21 15:39:15+00,2023/11/21 10:50:22+00,2023/11/21 22:35:20+00,6673
-75.819116,45.198424,319510586,Within 10 metres,2023/11/21 15:39:15+00,2023/11/21 10:50:12+00,2023/11/21 22:35:20+00,6689
-91.1057821,48.67025,319510546,Within 10 metres,2023/11/21 15:39:14+00,2023/11/21 10:51:17+00,2023/11/21 22:35:20+00,6705
-76.7119507,45.0965848,319510604,Within 10 metres,2023/11/21 15:39:15+00,2023/11/21 10:50:13+00,2023/11/21 22:35:20+00,6721
-84.2824002999999,46.807857,319510690,Within 10 metres,2023/11/21 15:39:13+00,2023/11/21 10:51:17+00,2023/11/21 22:35:20+00,6737
-79.9494176,43.4708329,319510567,Within 10 metres,2023/11/21 15:39:15+00,2023/11/21 10:50:10+00,2023/11/21 22:35:20+00,6753
-80.7667631,44.426671,319510618,Within 10 metres,2023/11/21 15:39:14+00,2023/11/21 10:50:15+00,2023/11/21 22:35:20+00,6769
-77.80015,44.2958117,319510551,Within 10 metres,2023/11/21 15:39:15+00,2023/11/21 10:50:09+00,2023/11/21 22:35:20+00,6785
-80.2060762999999,44.3500341,319510511,Within 10 metres,2023/11/21 15:39:13+00,2023/11/21 10:50:05+00,2023/11/21 22:35:20+00,6801
-81.0605976,44.6832076,319510562,Within 10 metres,2023/11/21 15:39:15+00,2023/11/21 10:50:10+00,2023/11/21 22:35:20+00,6817
-79.823097,43.9281532,319510695,Within 10 metres,2023/11/21 15:39:14+00,2023/11/21 10:50:22+00,2023/11/21 22:35:20+00,6833
-77.800139,44.295625,319510635,Within 10 metres,2023/11/21 15:39:15+00,2023/11/21 10:50:16+00,2023/11/21 22:35:20+00,6849
-76.5516328,44.9277359,319510674,Within 10 metres,2023/11/21 15:39:13+00,2023/11/21 10:50:20+00,2023/11/21 22:35:20+00,6865
-79.7243309,43.3803911,319510500,Within 10 metres,2023/11/21 15:39:14+00,2023/11/21 10:50:04+00,2023/11/21 22:35:20+00,6881
-91.1334745,48.6718458,319510504,Within 10 metres,2023/11/21 15:39:15+00,2023/11/21 10:51:17+00,2023/11/21 22:35:20+00,6897
-84.3526776,46.7860055,319510542,Within 10 metres,2023/11/21 15:39:14+00,2023/11/21 10:51:17+00,2023/11/21 22:35:20+00,6913
-79.8871186,43.3307529,319510535,Within 10 metres,2023/11/21 15:39:15+00,2023/11/21 10:50:07+00,2023/11/21 22:35:20+00,6929
-77.8003757,44.2964017,319510636,Within 10 metres,2023/11/21 15:39:14+00,2023/11/21 10:50:16+00,2023/11/21 22:35:20+00,6945
-77.8939325,44.4363776,319510488,Within 10 metres,2023/11/21 15:39:15+00,2023/11/21 10:50:03+00,2023/11/21 22:35:20+00,6961
-76.365768,44.547225,319510587,Within 10 metres,2023/11/21 15:39:14+00,2023/11/21 10:50:12+00,2023/11/21 22:35:20+00,6977
-80.9371234,44.5315658,319510463,Within 10 metres,2023/11/21 15:39:14+00,2023/11/21 10:50:00+00,2023/11/21 22:35:20+00,6993
-82.1678465,49.396934,319510550,Within 10 metres,2023/11/21 15:39:15+00,2023/11/21 10:50:09+00,2023/11/21 22:35:20+00,7009
-84.3112285,46.8019826,319510691,Within 10 metres,2023/11/21 15:39:13+00,2023/11/21 10:50:21+00,2023/11/21 22:35:20+00,7025
-80.3898369,43.4187679,319510614,Within 10 metres,2023/11/21 15:39:13+00,2023/11/21 10:50:14+00,2023/11/21 22:35:20+00,7041
-75.2822422,45.4302627,319510540,Within 10 metres,2023/11/21 15:39:15+00,2023/11/21 10:50:08+00,2023/11/21 22:35:20+00,7057
-80.7306731,43.1575576,319510466,Within 10 metres,2023/11/21 15:39:15+00,2023/11/21 10:50:01+00,2023/11/21 22:35:20+00,7073
-76.6232326,45.175425,319510645,Within 10 metres,2023/11/21 15:39:13+00,2023/11/21 10:50:17+00,2023/11/21 22:35:20+00,7089
-93.4673651,49.8980177,319510632,Within 10 metres,2023/11/21 15:39:14+00,2023/11/21 10:50:16+00,2023/11/21 22:35:20+00,7105
-81.7050608,43.6694657,319510539,Within 10 metres,2023/11/21 15:39:14+00,2023/11/21 10:50:08+00,2023/11/21 22:35:20+00,7121
-81.0098375,44.6298542,319510559,Within 10 metres,2023/11/21 15:39:14+00,2023/11/21 10:50:10+00,2023/11/21 22:35:20+00,7137
-78.4473802,44.1478859,319510486,Within 10 metres,2023/11/21 15:39:15+00,2023/11/21 10:50:02+00,2023/11/21 22:35:20+00,7153
-93.4691449,49.9041437,319510653,Within 10 metres,2023/11/21 15:39:14+00,2023/11/21 10:50:18+00,2023/11/21 22:35:20+00,7169
-79.2871633,43.1081353,319510509,Within 10 metres,2023/11/21 15:39:14+00,2023/11/21 10:50:05+00,2023/11/21 22:35:20+00,7185
-92.5031796,49.3766091,319510529,Within 10 metres,2023/11/21 15:39:13+00,2023/11/21 10:50:07+00,2023/11/21 22:35:20+00,7201
-79.3503022,43.7615452,319510568,Within 10 metres,2023/11/21 15:39:14+00,2023/11/21 10:50:10+00,2023/11/21 22:35:20+00,7217
-80.1987731,44.4843796,319510465,Within 10 metres,2023/11/21 15:39:15+00,2023/11/21 10:50:01+00,2023/11/21 22:35:20+00,7233
-76.5841766,45.194505,319510676,Within 10 metres,2023/11/21 15:39:14+00,2023/11/21 10:50:20+00,2023/11/21 22:35:20+00,7249
-84.3088006999999,46.8024883000001,319510541,Within 10 metres,2023/11/21 15:39:14+00,2023/11/21 10:50:08+00,2023/11/21 22:35:20+00,7265
-82.7265118,45.8004569,319510482,Within 10 metres,2023/11/21 15:39:13+00,2023/11/21 10:51:17+00,2023/11/21 22:35:20+00,7281
-76.2582285,45.2443718,319510649,Within 10 metres,2023/11/21 15:39:13+00,2023/11/21 10:50:17+00,2023/11/21 22:35:20+00,7297
-81.8488889,43.2497957,319510552,Within 10 metres,2023/11/21 15:39:14+00,2023/11/21 10:50:09+00,2023/11/21 22:35:20+00,7313
-82.1534502,49.3462918,319510626,Within 10 metres,2023/11/21 15:39:14+00,2023/11/21 10:50:15+00,2023/11/21 22:35:20+00,7329
-80.9959465,44.6851002,319510548,Within 10 metres,2023/11/21 15:39:13+00,2023/11/21 10:50:09+00,2023/11/21 22:35:20+00,7345
-88.7970805,48.3442227,319513468,Within 10 metres,2023/11/23 17:14:12+00,2023/11/22 11:25:12+00,2023/11/23 22:45:20+00,7361
-82.9227775,42.2971103,319513569,Within 10 metres,2023/11/23 17:14:12+00,2023/11/22 11:23:37+00,2023/11/23 22:45:20+00,7377
-81.121072,44.951635,319513652,Within 10 metres,2023/11/23 17:14:12+00,2023/11/22 11:23:44+00,2023/11/23 22:45:20+00,7393
-81.8270226,43.2505746,319513490,Within 10 metres,2023/11/23 17:14:12+00,2023/11/22 11:23:30+00,2023/11/23 22:45:20+00,7409
-80.9077724,44.6166161,319513605,Within 10 metres,2023/11/23 17:14:13+00,2023/11/22 11:23:40+00,2023/11/23 22:45:20+00,7425
-78.9193898,44.0366638,319513532,Within 10 metres,2023/11/23 17:14:12+00,2023/11/22 11:23:34+00,2023/11/23 22:45:20+00,7441
-81.3389266,45.1474509,319513470,Within 10 metres,2023/11/23 17:14:11+00,2023/11/22 11:23:29+00,2023/11/23 22:45:20+00,7457
-79.2046364,44.2926893,319513565,Within 10 metres,2023/11/23 17:14:12+00,2023/11/22 11:23:37+00,2023/11/23 22:45:20+00,7473
-80.3812422,44.5116764,319513633,Within 10 metres,2023/11/23 17:14:13+00,2023/11/22 11:23:43+00,2023/11/23 22:45:20+00,7489
-81.8447616,43.2556102,319513543,Within 10 metres,2023/11/23 17:14:12+00,2023/11/22 11:23:35+00,2023/11/23 22:45:20+00,7505
-76.254679,44.7676479,319513650,Within 10 metres,2023/11/23 17:14:12+00,2023/11/22 11:25:12+00,2023/11/23 22:45:20+00,7521
-79.4755341,43.6226579,319513494,Within 10 metres,2023/11/23 17:14:12+00,2023/11/22 11:23:31+00,2023/11/23 22:45:20+00,7537
-79.1549848,43.1498996,319513549,Within 10 metres,2023/11/23 17:14:12+00,2023/11/22 11:23:35+00,2023/11/23 22:45:20+00,7553
-78.5406967,45.3092071,319513621,Within 10 metres,2023/11/23 17:14:13+00,2023/11/22 11:23:42+00,2023/11/23 22:45:20+00,7569
-81.2837257,45.0204619,319513599,Within 10 metres,2023/11/23 17:14:13+00,2023/11/22 11:23:39+00,2023/11/23 22:45:20+00,7585
-78.5499467,45.24056,319513658,Within 10 metres,2023/11/23 17:14:12+00,2023/11/22 11:23:45+00,2023/11/23 22:45:20+00,7601
-81.141291,44.7540409,319513529,Within 10 metres,2023/11/23 17:14:12+00,2023/11/22 11:23:33+00,2023/11/23 22:45:20+00,7617
-79.9081252,43.2460897,319513479,Within 10 metres,2023/11/23 17:14:11+00,2023/11/22 11:23:30+00,2023/11/23 22:45:20+00,7633
-79.3732851,43.821476,319513584,Within 10 metres,2023/11/23 17:14:13+00,2023/11/22 11:23:38+00,2023/11/23 22:45:20+00,7649
-81.613247,45.249261,319513576,Within 10 metres,2023/11/23 17:14:13+00,2023/11/22 11:23:37+00,2023/11/23 22:45:20+00,7665
-81.8031511,43.2737121,319513639,Within 10 metres,2023/11/23 17:14:13+00,2023/11/22 11:23:43+00,2023/11/23 22:45:20+00,7681
-88.671942,48.7890178,319513519,Within 10 metres,2023/11/23 17:14:12+00,2023/11/22 11:23:33+00,2023/11/23 22:45:20+00,7697
-78.5107983,45.2515668,319513659,Within 10 metres,2023/11/23 17:14:12+00,2023/11/22 11:23:45+00,2023/11/23 22:45:20+00,7713
-79.6632676,43.2045441,319513557,Within 10 metres,2023/11/23 17:14:12+00,2023/11/22 11:23:36+00,2023/11/23 22:45:20+00,7729
-80.5811545,44.4265967,319513606,Within 10 metres,2023/11/23 17:14:13+00,2023/11/22 11:23:40+00,2023/11/23 22:45:20+00,7745
-78.5565407,45.2320427,319513665,Within 10 metres,2023/11/23 17:14:12+00,2023/11/22 11:23:45+00,2023/11/23 22:45:20+00,7761
-92.6532417,49.7582277,319513510,Within 10 metres,2023/11/23 17:14:12+00,2023/11/22 11:23:32+00,2023/11/23 22:45:20+00,7777
-80.012748,43.7952524,319513471,Within 10 metres,2023/11/23 17:14:11+00,2023/11/22 11:23:29+00,2023/11/23 22:45:20+00,7793
-81.5233555,45.2362495,319513591,Within 10 metres,2023/11/23 17:14:13+00,2023/11/22 11:23:39+00,2023/11/23 22:45:20+00,7809
-83.670955,49.7530223,319513572,Within 10 metres,2023/11/23 17:14:12+00,2023/11/22 11:23:37+00,2023/11/23 22:45:20+00,7825
-78.4910175,45.258596,319513627,Within 10 metres,2023/11/23 17:14:13+00,2023/11/22 11:23:42+00,2023/11/23 22:45:20+00,7841
-80.2181361,45.3492068,319513509,Within 10 metres,2023/11/23 17:14:12+00,2023/11/22 11:23:32+00,2023/11/23 22:45:20+00,7857
-79.980062,43.9736826,319513488,Within 10 metres,2023/11/23 17:14:12+00,2023/11/22 11:23:30+00,2023/11/23 22:45:20+00,7873
-80.9964369,44.7888121,319513577,Within 10 metres,2023/11/23 17:14:13+00,2023/11/22 11:23:37+00,2023/11/23 22:45:20+00,7889
-79.811577,43.1872868,319513483,Within 10 metres,2023/11/23 17:14:11+00,2023/11/22 11:23:30+00,2023/11/23 22:45:20+00,7905
-79.8593864,43.3486852,319513642,Within 10 metres,2023/11/23 17:14:13+00,2023/11/22 11:23:44+00,2023/11/23 22:45:20+00,7921
-79.98017,43.5930593,319513502,Within 10 metres,2023/11/23 17:14:12+00,2023/11/22 11:23:31+00,2023/11/23 22:45:20+00,7937
-79.9482823,43.4635302,319513597,Within 10 metres,2023/11/23 17:14:13+00,2023/11/22 11:23:39+00,2023/11/23 22:45:20+00,7953
-78.5600243,45.2569678,319513657,Within 10 metres,2023/11/23 17:14:12+00,2023/11/22 11:23:45+00,2023/11/23 22:45:20+00,7969
-77.7264981,43.9981416,319513505,Within 10 metres,2023/11/23 17:14:12+00,2023/11/22 11:23:32+00,2023/11/23 22:45:20+00,7985
-79.8519305,43.355884,319513595,Within 10 metres,2023/11/23 17:14:13+00,2023/11/22 11:23:39+00,2023/11/23 22:45:20+00,8001
-81.338899,45.145444,319513511,Within 10 metres,2023/11/23 17:14:12+00,2023/11/22 11:23:32+00,2023/11/23 22:45:20+00,8017
-80.0813884,44.0640331,319513480,Within 10 metres,2023/11/23 17:14:11+00,2023/11/22 11:23:30+00,2023/11/23 22:45:20+00,8033
-81.4585307,46.6216921,319513566,Within 10 metres,2023/11/23 17:14:12+00,2023/11/22 11:23:37+00,2023/11/23 22:45:20+00,8049
-78.4921634,45.2759046,319513653,Within 10 metres,2023/11/23 17:14:12+00,2023/11/22 11:23:44+00,2023/11/23 22:45:20+00,8065
-78.2699817,44.2977387,319513495,Within 10 metres,2023/11/23 17:14:12+00,2023/11/22 11:23:31+00,2023/11/23 22:45:20+00,8081
-79.9151722,43.2683007,319513601,Within 10 metres,2023/11/23 17:14:13+00,2023/11/22 11:23:40+00,2023/11/23 22:45:20+00,8097
-78.48231,45.3142517,319513616,Within 10 metres,2023/11/23 17:14:13+00,2023/11/22 11:23:41+00,2023/11/23 22:45:20+00,8113
-81.1279441,44.9531949,319513527,Within 10 metres,2023/11/23 17:14:12+00,2023/11/22 11:23:33+00,2023/11/23 22:45:20+00,8129
-81.8441306,42.2806154,319513484,Within 10 metres,2023/11/23 17:14:12+00,2023/11/22 11:23:30+00,2023/11/23 22:45:20+00,8145
-79.8794819,43.291948,319513535,Within 10 metres,2023/11/23 17:14:12+00,2023/11/22 11:23:34+00,2023/11/23 22:45:20+00,8161
-80.3572916,44.510776,319513475,Within 10 metres,2023/11/23 17:14:11+00,2023/11/22 11:23:29+00,2023/11/23 22:45:20+00,8177
-92.1327712,48.3715772,319513562,Within 10 metres,2023/11/23 17:14:12+00,2023/11/22 11:23:36+00,2023/11/23 22:45:20+00,8193
-81.3478576,45.1641649,319513636,Within 10 metres,2023/11/23 17:14:13+00,2023/11/22 11:23:43+00,2023/11/23 22:45:20+00,8209
-83.917812,49.8420215,319513546,Within 10 metres,2023/11/23 17:14:12+00,2023/11/22 11:25:12+00,2023/11/23 22:45:20+00,8225
-77.8817335,44.4371239,319513614,Within 10 metres,2023/11/23 17:14:13+00,2023/11/22 11:23:41+00,2023/11/23 22:45:20+00,8241
-78.6086183,45.2614567,319513618,Within 10 metres,2023/11/23 17:14:13+00,2023/11/22 11:23:41+00,2023/11/23 22:45:20+00,8257
-83.9157406,49.8405122,319513669,Within 10 metres,2023/11/23 17:14:12+00,2023/11/22 11:25:12+00,2023/11/23 22:45:20+00,8273
-81.65628,45.257161,319513512,Within 10 metres,2023/11/23 17:14:12+00,2023/11/22 11:23:32+00,2023/11/23 22:45:20+00,8289
-79.9372039,43.2904391,319513472,Within 10 metres,2023/11/23 17:14:11+00,2023/11/22 11:23:29+00,2023/11/23 22:45:20+00,8305
-81.8109544,43.2663116,319513592,Within 10 metres,2023/11/23 17:14:13+00,2023/11/22 11:23:39+00,2023/11/23 22:45:20+00,8321
-91.5836447,48.7520595,319513580,Within 10 metres,2023/11/23 17:14:13+00,2023/11/22 11:23:38+00,2023/11/23 22:45:20+00,8337
-92.6546707,49.7619441000001,319513632,Within 10 metres,2023/11/23 17:14:13+00,2023/11/22 11:23:43+00,2023/11/23 22:45:20+00,8353
-81.8323914,43.2637213,319513583,Within 10 metres,2023/11/23 17:14:13+00,2023/11/22 11:23:38+00,2023/11/23 22:45:20+00,8369
-90.1701601,50.2411921,319513582,Within 10 metres,2023/11/23 17:14:13+00,2023/11/22 11:23:38+00,2023/11/23 22:45:20+00,8385
-78.6006436,45.2429033,319513641,Within 10 metres,2023/11/23 17:14:13+00,2023/11/22 11:23:43+00,2023/11/23 22:45:20+00,8401
-80.2105933,44.3426748,319513540,Within 10 metres,2023/11/23 17:14:12+00,2023/11/22 11:23:35+00,2023/11/23 22:45:20+00,8417
-78.6122786,45.2789605,319513620,Within 10 metres,2023/11/23 17:14:13+00,2023/11/22 11:23:41+00,2023/11/23 22:45:20+00,8433
-78.588815,45.2267633,319513663,Within 10 metres,2023/11/23 17:14:12+00,2023/11/22 11:23:45+00,2023/11/23 22:45:20+00,8449
-80.9469656,44.5371368,319513521,Within 10 metres,2023/11/23 17:14:12+00,2023/11/22 11:25:12+00,2023/11/23 22:45:20+00,8465
-80.5888467,43.4187609,319513458,Within 10 metres,2023/11/23 17:14:12+00,2023/11/22 11:23:28+00,2023/11/23 22:45:20+00,8481
-81.8214569,43.0845583,319513588,Within 10 metres,2023/11/23 17:14:13+00,2023/11/22 11:23:39+00,2023/11/23 22:45:20+00,8497
-81.8753625,43.2375747,319513575,Within 10 metres,2023/11/23 17:14:13+00,2023/11/22 11:23:37+00,2023/11/23 22:45:20+00,8513
-79.9743993,43.2328398,319513491,Within 10 metres,2023/11/23 17:14:12+00,2023/11/22 11:23:31+00,2023/11/23 22:45:20+00,8529
-81.3307258,45.1333821,319513600,Within 10 metres,2023/11/23 17:14:13+00,2023/11/22 11:23:39+00,2023/11/23 22:45:20+00,8545
-79.9790881,43.2816549,319513534,Within 10 metres,2023/11/23 17:14:12+00,2023/11/22 11:23:34+00,2023/11/23 22:45:20+00,8561
-78.5322123,45.2410515,319513660,Within 10 metres,2023/11/23 17:14:12+00,2023/11/22 11:23:45+00,2023/11/23 22:45:20+00,8577
-77.9794911,45.0632212,319513485,Within 10 metres,2023/11/23 17:14:12+00,2023/11/22 11:25:12+00,2023/11/23 22:45:20+00,8593
-76.2863266,45.0377911,319513573,Within 10 metres,2023/11/23 17:14:13+00,2023/11/22 11:23:37+00,2023/11/23 22:45:20+00,8609
-79.5718818,43.1836498,319513526,Within 10 metres,2023/11/23 17:14:12+00,2023/11/22 11:23:33+00,2023/11/23 22:45:20+00,8625
-79.9254714,43.2985821,319513568,Within 10 metres,2023/11/23 17:14:12+00,2023/11/22 11:23:37+00,2023/11/23 22:45:20+00,8641
-78.3749111,44.3090449,319513467,Within 10 metres,2023/11/23 17:14:12+00,2023/11/22 11:23:28+00,2023/11/23 22:45:20+00,8657
-78.5611981,45.2551499,319513656,Within 10 metres,2023/11/23 17:14:12+00,2023/11/22 11:23:45+00,2023/11/23 22:45:20+00,8673
-84.7991582,47.6587429,319513503,Within 10 metres,2023/11/23 17:14:12+00,2023/11/22 11:25:12+00,2023/11/23 22:45:20+00,8689
-79.9718977,43.5830379,319513624,Within 10 metres,2023/11/23 17:14:13+00,2023/11/22 11:23:42+00,2023/11/23 22:45:20+00,8705
-86.6237333,48.7938679,319513537,Within 10 metres,2023/11/23 17:14:12+00,2023/11/22 11:23:34+00,2023/11/23 22:45:20+00,8721
-80.8969708,44.3917685,319513473,Within 10 metres,2023/11/23 17:14:11+00,2023/11/22 11:23:29+00,2023/11/23 22:45:20+00,8737
-76.5896126,44.4571135,319513551,Within 10 metres,2023/11/23 17:14:12+00,2023/11/22 11:25:12+00,2023/11/23 22:45:20+00,8753
-79.7549629,43.2114119,319513651,Within 10 metres,2023/11/23 17:14:12+00,2023/11/22 11:23:44+00,2023/11/23 22:45:20+00,8769
-79.8115779,43.1868389,319513644,Within 10 metres,2023/11/23 17:14:13+00,2023/11/22 11:23:44+00,2023/11/23 22:45:20+00,8785
-81.633566,46.923329,319513499,Within 10 metres,2023/11/23 17:14:12+00,2023/11/22 11:25:12+00,2023/11/23 22:45:20+00,8801
-78.5912126,45.2246779,319513617,Within 10 metres,2023/11/23 17:14:13+00,2023/11/22 11:23:41+00,2023/11/23 22:45:20+00,8817
-84.68913,49.4637981,319513517,Within 10 metres,2023/11/23 17:14:12+00,2023/11/22 11:25:12+00,2023/11/23 22:45:20+00,8833
-80.3456735,44.4589948,319513460,Within 10 metres,2023/11/23 17:14:12+00,2023/11/22 11:23:28+00,2023/11/23 22:45:20+00,8849
-80.3465637,42.6942127,319513559,Within 10 metres,2023/11/23 17:14:12+00,2023/11/22 11:25:12+00,2023/11/23 22:45:20+00,8865
-80.0688624,44.0283036,319513646,Within 10 metres,2023/11/23 17:14:12+00,2023/11/22 11:25:12+00,2023/11/23 22:45:20+00,8881
-79.132615,43.0550176,319513544,Within 10 metres,2023/11/23 17:14:12+00,2023/11/22 11:23:35+00,2023/11/23 22:45:20+00,8897
-79.977124,43.578136,319513609,Within 10 metres,2023/11/23 17:14:13+00,2023/11/22 11:23:40+00,2023/11/23 22:45:20+00,8913
-79.9793994,43.2769332,319513668,Within 10 metres,2023/11/23 17:14:12+00,2023/11/22 11:23:46+00,2023/11/23 22:45:20+00,8929
-80.3679927,44.3539263,319513514,Within 10 metres,2023/11/23 17:14:12+00,2023/11/22 11:23:32+00,2023/11/23 22:45:20+00,8945
-78.0216961,45.3235716,319513500,Within 10 metres,2023/11/23 17:14:12+00,2023/11/22 11:23:31+00,2023/11/23 22:45:20+00,8961
-94.2352295,49.6814632,319513550,Within 10 metres,2023/11/23 17:14:12+00,2023/11/22 11:25:12+00,2023/11/23 22:45:20+00,8977
-80.062064,44.0469817,319513598,Within 10 metres,2023/11/23 17:14:13+00,2023/11/22 11:23:39+00,2023/11/23 22:45:20+00,8993
-91.1541941,48.6580942000001,319513607,Within 10 metres,2023/11/23 17:14:13+00,2023/11/22 11:23:40+00,2023/11/23 22:45:20+00,9009
-81.8462823,42.3155991,319513530,Within 10 metres,2023/11/23 17:14:12+00,2023/11/22 11:23:33+00,2023/11/23 22:45:20+00,9025
-82.7435283,46.5860183,319513481,Within 10 metres,2023/11/23 17:14:11+00,2023/11/22 11:23:30+00,2023/11/23 22:45:20+00,9041
-91.5428821,49.4703897,319513589,Within 10 metres,2023/11/23 17:14:13+00,2023/11/22 11:23:39+00,2023/11/23 22:45:20+00,9057
-81.0397649,44.7767034,319513553,Within 10 metres,2023/11/23 17:14:12+00,2023/11/22 11:23:36+00,2023/11/23 22:45:20+00,9073
-80.001942,43.8101081,319513631,Within 10 metres,2023/11/23 17:14:13+00,2023/11/22 11:23:43+00,2023/11/23 22:45:20+00,9089
-80.9757146,44.7203577,319513541,Within 10 metres,2023/11/23 17:14:12+00,2023/11/22 11:23:35+00,2023/11/23 22:45:20+00,9105
-78.5913633,45.2215283,319513664,Within 10 metres,2023/11/23 17:14:12+00,2023/11/22 11:23:45+00,2023/11/23 22:45:20+00,9121
-76.6719251,45.1644148,319513574,Within 10 metres,2023/11/23 17:14:13+00,2023/11/22 11:23:37+00,2023/11/23 22:45:20+00,9137
-81.573207,45.2014883,319513648,Within 10 metres,2023/11/23 17:14:12+00,2023/11/22 11:23:44+00,2023/11/23 22:45:20+00,9153
-79.3797479999999,43.8336701,319513506,Within 10 metres,2023/11/23 17:14:12+00,2023/11/22 11:23:32+00,2023/11/23 22:45:20+00,9169
-94.2229986,49.6843171,319513476,Within 10 metres,2023/11/23 17:14:11+00,2023/11/22 11:25:12+00,2023/11/23 22:45:20+00,9185
-80.3633809,44.5095849,319513585,Within 10 metres,2023/11/23 17:14:13+00,2023/11/22 11:23:38+00,2023/11/23 22:45:20+00,9201
-79.892277,43.3174793,319513578,Within 10 metres,2023/11/23 17:14:13+00,2023/11/22 11:23:38+00,2023/11/23 22:45:20+00,9217
-78.5379975,45.2880306,319513629,Within 10 metres,2023/11/23 17:14:13+00,2023/11/22 11:23:42+00,2023/11/23 22:45:20+00,9233
-78.0430934,44.6090729,319513523,Within 10 metres,2023/11/23 17:14:12+00,2023/11/22 11:23:33+00,2023/11/23 22:45:20+00,9249
-79.9846237,43.9741262,319513486,Within 10 metres,2023/11/23 17:14:12+00,2023/11/22 11:23:30+00,2023/11/23 22:45:20+00,9265
-81.0752228,44.7723207,319513558,Within 10 metres,2023/11/23 17:14:12+00,2023/11/22 11:23:36+00,2023/11/23 22:45:20+00,9281
-78.5187133,45.253635,319513628,Within 10 metres,2023/11/23 17:14:13+00,2023/11/22 11:23:42+00,2023/11/23 22:45:20+00,9297
-82.5134542,42.0414145,319513493,Within 10 metres,2023/11/23 17:14:12+00,2023/11/22 11:25:12+00,2023/11/23 22:45:20+00,9313
-80.3481738999999,42.689164,319513604,Within 10 metres,2023/11/23 17:14:13+00,2023/11/22 11:23:40+00,2023/11/23 22:45:20+00,9329
-81.1664209,44.9537848000001,319513522,Within 10 metres,2023/11/23 17:14:12+00,2023/11/22 11:25:12+00,2023/11/23 22:45:20+00,9345
-79.9738982,43.2791703,319513615,Within 10 metres,2023/11/23 17:14:13+00,2023/11/22 11:23:41+00,2023/11/23 22:45:20+00,9361
-78.3378871,44.311928,319513538,Within 10 metres,2023/11/23 17:14:12+00,2023/11/22 11:23:34+00,2023/11/23 22:45:20+00,9377
-91.5483528,49.4686764,319513466,Within 10 metres,2023/11/23 17:14:12+00,2023/11/22 11:23:28+00,2023/11/23 22:45:20+00,9393
-76.255206,44.7671311,319513555,Within 10 metres,2023/11/23 17:14:12+00,2023/11/22 11:23:36+00,2023/11/23 22:45:20+00,9409
-80.0013824,43.2378686,319513645,Within 10 metres,2023/11/23 17:14:13+00,2023/11/22 11:23:44+00,2023/11/23 22:45:20+00,9425
-81.49551,43.6197745,319513498,Within 10 metres,2023/11/23 17:14:12+00,2023/11/22 11:23:31+00,2023/11/23 22:45:20+00,9441
-81.8442287,43.2479085,319513602,Within 10 metres,2023/11/23 17:14:13+00,2023/11/22 11:23:40+00,2023/11/23 22:45:20+00,9457
-81.844126,42.3024182,319513603,Within 10 metres,2023/11/23 17:14:13+00,2023/11/22 11:23:40+00,2023/11/23 22:45:20+00,9473
-78.7838985,43.8736844,319513524,Within 10 metres,2023/11/23 17:14:12+00,2023/11/22 11:23:33+00,2023/11/23 22:45:20+00,9489
-79.8622287,43.3486592,319513463,Within 10 metres,2023/11/23 17:14:12+00,2023/11/22 11:23:28+00,2023/11/23 22:45:20+00,9505
-79.9620213,43.274955,319513556,Within 10 metres,2023/11/23 17:14:11+00,2023/11/22 11:23:36+00,2023/11/23 22:45:20+00,9521
-80.5562466,45.9243306,319513563,Within 10 metres,2023/11/23 17:14:12+00,2023/11/22 11:25:12+00,2023/11/23 22:45:20+00,9537
-88.7984477,48.3448378000001,319513649,Within 10 metres,2023/11/23 17:14:12+00,2023/11/22 11:23:44+00,2023/11/23 22:45:20+00,9553
-79.4748393,43.1483003,319513507,Within 10 metres,2023/11/23 17:14:12+00,2023/11/22 11:23:32+00,2023/11/23 22:45:20+00,9569
-82.7054707,46.5840507,319513548,Within 10 metres,2023/11/23 17:14:12+00,2023/11/22 11:25:12+00,2023/11/23 22:45:20+00,9585
-79.9574,43.273899,319513612,Within 10 metres,2023/11/23 17:14:13+00,2023/11/22 11:23:40+00,2023/11/23 22:45:20+00,9601
-79.8618651,43.352183,319513610,Within 10 metres,2023/11/23 17:14:13+00,2023/11/22 11:23:40+00,2023/11/23 22:45:20+00,9617
-80.2333151,43.1355575,319513525,Within 10 metres,2023/11/23 17:14:12+00,2023/11/22 11:23:33+00,2023/11/23 22:45:20+00,9633
-79.3995227,44.315481,319513478,Within 10 metres,2023/11/23 17:14:11+00,2023/11/22 11:23:29+00,2023/11/23 22:45:20+00,9649
-80.0083195,43.2342381,319513593,Within 10 metres,2023/11/23 17:14:13+00,2023/11/22 11:23:39+00,2023/11/23 22:45:20+00,9665
-80.7070342,43.3608167,319513552,Within 10 metres,2023/11/23 17:14:12+00,2023/11/22 11:23:36+00,2023/11/23 22:45:20+00,9681
-79.999841,43.2181732,319513635,Within 10 metres,2023/11/23 17:14:13+00,2023/11/22 11:23:43+00,2023/11/23 22:45:20+00,9697
-79.9839892,43.5568968,319513528,Within 10 metres,2023/11/23 17:14:12+00,2023/11/22 11:23:33+00,2023/11/23 22:45:20+00,9713
-81.340017,45.16148,319513637,Within 10 metres,2023/11/23 17:14:13+00,2023/11/22 11:23:43+00,2023/11/23 22:45:20+00,9729
-80.4771903,43.5009294,319513542,Within 10 metres,2023/11/23 17:14:12+00,2023/11/22 11:23:35+00,2023/11/23 22:45:20+00,9745
-80.9741799,44.7049408,319513611,Within 10 metres,2023/11/23 17:14:13+00,2023/11/22 11:23:40+00,2023/11/23 22:45:20+00,9761
-80.9074972,44.6164539,319513515,Within 10 metres,2023/11/23 17:14:12+00,2023/11/22 11:23:32+00,2023/11/23 22:45:20+00,9777
-81.5725705,43.5424017,319513464,Within 10 metres,2023/11/23 17:14:12+00,2023/11/22 11:23:28+00,2023/11/23 22:45:20+00,9793
-79.5203667,43.9632359,319513590,Within 10 metres,2023/11/23 17:14:13+00,2023/11/22 11:23:39+00,2023/11/23 22:45:20+00,9809
-77.8920912,44.4768161,319513561,Within 10 metres,2023/11/23 17:14:12+00,2023/11/22 11:23:36+00,2023/11/23 22:45:20+00,9825
-79.9802271,43.2766723,319513626,Within 10 metres,2023/11/23 17:14:13+00,2023/11/22 11:23:42+00,2023/11/23 22:45:20+00,9841
-79.7737126,43.2091704,319513513,Within 10 metres,2023/11/23 17:14:12+00,2023/11/22 11:23:32+00,2023/11/23 22:45:20+00,9857
-80.0143389999999,43.2813826,319513489,Within 10 metres,2023/11/23 17:14:12+00,2023/11/22 11:23:30+00,2023/11/23 22:45:20+00,9873
-79.8187967,43.2014282,319513570,Within 10 metres,2023/11/23 17:14:12+00,2023/11/22 11:23:37+00,2023/11/23 22:45:20+00,9889
-79.3471519,44.0318825,319513482,Within 10 metres,2023/11/23 17:14:11+00,2023/11/22 11:23:30+00,2023/11/23 22:45:20+00,9905
-78.4903083,45.2605333,319513654,Within 10 metres,2023/11/23 17:14:12+00,2023/11/22 11:23:44+00,2023/11/23 22:45:20+00,9921
-88.8219329,48.4763049,319513571,Within 10 metres,2023/11/23 17:14:12+00,2023/11/22 11:23:37+00,2023/11/23 22:45:20+00,9937
-81.1423564,44.8998011,319513469,Within 10 metres,2023/11/23 17:14:11+00,2023/11/22 11:23:29+00,2023/11/23 22:45:20+00,9953
-81.334533,45.183014,319513638,Within 10 metres,2023/11/23 17:14:13+00,2023/11/22 11:23:43+00,2023/11/23 22:45:20+00,9969
-86.6145471,48.7798101,319513504,Within 10 metres,2023/11/23 17:14:12+00,2023/11/22 11:23:32+00,2023/11/23 22:45:20+00,9985
-78.6223383,45.2457517,319513619,Within 10 metres,2023/11/23 17:14:13+00,2023/11/22 11:23:41+00,2023/11/23 22:45:20+00,10001
-80.7793118,43.1266972,319513516,Within 10 metres,2023/11/23 17:14:12+00,2023/11/22 11:23:32+00,2023/11/23 22:45:20+00,10017
-88.8015238999999,48.3627658,319513477,Within 10 metres,2023/11/23 17:14:11+00,2023/11/22 11:23:29+00,2023/11/23 22:45:20+00,10033
-78.0231537,45.3204108,319513567,Within 10 metres,2023/11/23 17:14:12+00,2023/11/22 11:23:37+00,2023/11/23 22:45:20+00,10049
-80.0033412,43.2286344,319513647,Within 10 metres,2023/11/23 17:14:12+00,2023/11/22 11:23:44+00,2023/11/23 22:45:20+00,10065
-81.8264042,43.2521487,319513496,Within 10 metres,2023/11/23 17:14:12+00,2023/11/22 11:23:31+00,2023/11/23 22:45:20+00,10081
-79.9981983,43.2363524,319513596,Within 10 metres,2023/11/23 17:14:13+00,2023/11/22 11:23:39+00,2023/11/23 22:45:20+00,10097
-79.9843311,43.6041355,319513608,Within 10 metres,2023/11/23 17:14:13+00,2023/11/22 11:23:40+00,2023/11/23 22:45:20+00,10113
-78.5755356,45.2307078,319513662,Within 10 metres,2023/11/23 17:14:12+00,2023/11/22 11:23:45+00,2023/11/23 22:45:20+00,10129
-80.7819419,44.5383423,319513501,Within 10 metres,2023/11/23 17:14:12+00,2023/11/22 11:23:31+00,2023/11/23 22:45:20+00,10145
-88.8035544,48.3625604,319513622,Within 10 metres,2023/11/23 17:14:13+00,2023/11/22 11:23:42+00,2023/11/23 22:45:20+00,10161
-78.5448663,45.2304475,319513661,Within 10 metres,2023/11/23 17:14:12+00,2023/11/22 11:23:45+00,2023/11/23 22:45:20+00,10177
-80.9799332,44.667648,319513533,Within 10 metres,2023/11/23 17:14:12+00,2023/11/22 11:23:34+00,2023/11/23 22:45:20+00,10193
-80.0032193,43.2350528,319513462,Within 10 metres,2023/11/23 17:14:12+00,2023/11/22 11:23:28+00,2023/11/23 22:45:20+00,10209
-88.7616862,48.4219121,319513554,Within 10 metres,2023/11/23 17:14:12+00,2023/11/22 11:23:36+00,2023/11/23 22:45:20+00,10225
-81.577565,45.1917961,319513643,Within 10 metres,2023/11/23 17:14:13+00,2023/11/22 11:23:44+00,2023/11/23 22:45:20+00,10241
-78.3736689,44.3823429,319513545,Within 10 metres,2023/11/23 17:14:12+00,2023/11/22 11:25:12+00,2023/11/23 22:45:20+00,10257
-81.1439017,44.9588152,319513594,Within 10 metres,2023/11/23 17:14:13+00,2023/11/22 11:23:39+00,2023/11/23 22:45:20+00,10273
-79.8593365,43.3481691,319513666,Within 10 metres,2023/11/23 17:14:12+00,2023/11/22 11:23:45+00,2023/11/23 22:45:20+00,10289
-81.4806285,43.6345777,319513508,Within 10 metres,2023/11/23 17:14:12+00,2023/11/22 11:23:32+00,2023/11/23 22:45:20+00,10305
-79.943058,43.767974,319513459,Within 10 metres,2023/11/23 17:14:12+00,2023/11/22 11:23:28+00,2023/11/23 22:45:20+00,10321
-80.7449001,44.5927405,319513586,Within 10 metres,2023/11/23 17:14:13+00,2023/11/22 11:23:38+00,2023/11/23 22:45:20+00,10337
-79.9496640999999,43.2776177,319513579,Within 10 metres,2023/11/23 17:14:13+00,2023/11/22 11:23:38+00,2023/11/23 22:45:20+00,10353
-82.6035211,42.3025108000001,319513531,Within 10 metres,2023/11/23 17:14:12+00,2023/11/22 11:25:12+00,2023/11/23 22:45:20+00,10369
-88.7530309,48.4343618,319513465,Within 10 metres,2023/11/23 17:14:12+00,2023/11/22 11:23:28+00,2023/11/23 22:45:20+00,10385
-79.2291613,43.0984885,319513587,Within 10 metres,2023/11/23 17:14:13+00,2023/11/22 11:23:38+00,2023/11/23 22:45:20+00,10401
-91.0115312,48.2118124,319513581,Within 10 metres,2023/11/23 17:14:13+00,2023/11/22 11:23:38+00,2023/11/23 22:45:20+00,10417
-78.5404833,45.2934233,319513640,Within 10 metres,2023/11/23 17:14:13+00,2023/11/22 11:23:43+00,2023/11/23 22:45:20+00,10433
-88.802781,48.355431,319513547,Within 10 metres,2023/11/23 17:14:12+00,2023/11/22 11:23:35+00,2023/11/23 22:45:20+00,10449
-77.8809809,44.4366939,319513613,Within 10 metres,2023/11/23 17:14:13+00,2023/11/22 11:23:41+00,2023/11/23 22:45:20+00,10465
-81.4782896,43.6549658,319513667,Within 10 metres,2023/11/23 17:14:12+00,2023/11/22 11:23:45+00,2023/11/23 22:45:20+00,10481
-84.7196570999999,47.4449072,319513518,Within 10 metres,2023/11/23 17:14:12+00,2023/11/22 11:25:12+00,2023/11/23 22:45:20+00,10497
-80.3777857,44.3351674,319513461,Within 10 metres,2023/11/23 17:14:12+00,2023/11/22 11:23:28+00,2023/11/23 22:45:20+00,10513
-79.6236878,43.1956544,319513630,Within 10 metres,2023/11/23 17:14:13+00,2023/11/22 11:23:43+00,2023/11/23 22:45:20+00,10529
-78.7800934,43.8710988,319513492,Within 10 metres,2023/11/23 17:14:12+00,2023/11/22 11:23:31+00,2023/11/23 22:45:20+00,10545
-82.5125066,42.0418577,319513625,Within 10 metres,2023/11/23 17:14:13+00,2023/11/22 11:25:12+00,2023/11/23 22:45:20+00,10561
-81.4895126,44.4043087,319513539,Within 10 metres,2023/11/23 17:14:12+00,2023/11/22 11:23:35+00,2023/11/23 22:45:20+00,10577
-79.999574,43.2365554,319513634,Within 10 metres,2023/11/23 17:14:13+00,2023/11/22 11:23:43+00,2023/11/23 22:45:20+00,10593
-81.4894587,43.6513033,319513520,Within 10 metres,2023/11/23 17:14:12+00,2023/11/22 11:23:33+00,2023/11/23 22:45:20+00,10609
-77.730524,43.9951046,319513487,Within 10 metres,2023/11/23 17:14:12+00,2023/11/22 11:23:30+00,2023/11/23 22:45:20+00,10625
-80.3481806,42.6885852,319513560,Within 10 metres,2023/11/23 17:14:12+00,2023/11/22 11:25:12+00,2023/11/23 22:45:20+00,10641
-82.135687,49.3884210000001,319513474,Within 10 metres,2023/11/23 17:14:11+00,2023/11/22 11:23:29+00,2023/11/23 22:45:20+00,10657
-78.5051533,45.2630133,319513655,Within 10 metres,2023/11/23 17:14:12+00,2023/11/22 11:23:45+00,2023/11/23 22:45:20+00,10673
-87.2895877,48.7965609,319513497,Within 10 metres,2023/11/23 17:14:12+00,2023/11/22 11:25:12+00,2023/11/23 22:45:20+00,10689
-79.9331582,43.8132188,319513623,Within 10 metres,2023/11/23 17:14:13+00,2023/11/22 11:23:42+00,2023/11/23 22:45:20+00,10705
-81.8030861,43.2736414,319513536,Within 10 metres,2023/11/23 17:14:12+00,2023/11/22 11:23:34+00,2023/11/23 22:45:20+00,10721
-80.9339808,44.5262497000001,319513564,Within 10 metres,2023/11/23 17:14:12+00,2023/11/22 11:23:37+00,2023/11/23 22:45:20+00,10737
-79.1314753,44.0874947,319514630,Within 10 metres,2023/11/27 15:10:01+00,2023/11/24 14:27:53+00,2023/11/27 22:30:20+00,10881
-82.5352738,48.9398681,319514592,Within 10 metres,2023/11/27 15:10:01+00,2023/11/24 14:26:30+00,2023/11/27 22:30:20+00,10897
-84.5874278,47.3521023,319514637,Within 10 metres,2023/11/27 15:10:01+00,2023/11/24 14:27:53+00,2023/11/27 22:30:20+00,10913
-84.3299398,46.7975523,319514771,Within 10 metres,2023/11/27 15:10:00+00,2023/11/24 14:27:53+00,2023/11/27 22:30:20+00,10929
-78.8446316,45.1580691,319514607,Within 10 metres,2023/11/27 15:10:01+00,2023/11/24 14:26:32+00,2023/11/27 22:30:20+00,10945
-80.568438,43.4317237,319514674,Within 10 metres,2023/11/27 15:10:02+00,2023/11/24 14:26:39+00,2023/11/27 22:30:20+00,10961
-80.3856301,43.292438,319514791,Within 10 metres,2023/11/27 15:10:01+00,2023/11/24 14:26:52+00,2023/11/27 22:30:20+00,10977
-80.3526877,43.379368,319514690,Within 10 metres,2023/11/27 15:10:02+00,2023/11/24 14:26:41+00,2023/11/27 22:30:20+00,10993
-81.5735468,43.6849367,319514790,Within 10 metres,2023/11/27 15:10:01+00,2023/11/24 14:26:52+00,2023/11/27 22:30:20+00,11009
-76.2039528,44.8889836,319514786,Within 10 metres,2023/11/27 15:10:01+00,2023/11/24 14:26:51+00,2023/11/27 22:30:20+00,11025
-76.1507642,45.1361672,319514697,Within 10 metres,2023/11/27 15:10:02+00,2023/11/24 14:26:41+00,2023/11/27 22:30:20+00,11041
-79.9905441,43.2652707,319514744,Within 10 metres,2023/11/27 15:10:02+00,2023/11/24 14:27:53+00,2023/11/27 22:30:20+00,11057
-79.9949518,43.2472803,319514660,Within 10 metres,2023/11/27 15:10:02+00,2023/11/24 14:26:37+00,2023/11/27 22:30:20+00,11073
-81.3462309,43.9542317,319514600,Within 10 metres,2023/11/27 15:10:01+00,2023/11/24 14:26:31+00,2023/11/27 22:30:20+00,11089
-80.3986418,44.3884745,319514639,Within 10 metres,2023/11/27 15:10:01+00,2023/11/24 14:26:35+00,2023/11/27 22:30:20+00,11105
-79.7707686,43.6093403,319514721,Within 10 metres,2023/11/27 15:10:02+00,2023/11/24 14:26:44+00,2023/11/27 22:30:20+00,11121
-79.3954241,43.1924525,319514716,Within 10 metres,2023/11/27 15:10:02+00,2023/11/24 14:26:43+00,2023/11/27 22:30:20+00,11137
-93.9134984,49.058117,319514654,Within 10 metres,2023/11/27 15:10:02+00,2023/11/24 14:26:37+00,2023/11/27 22:30:20+00,11153
-76.5896693,45.1397685,319514683,Within 10 metres,2023/11/27 15:10:02+00,2023/11/24 14:26:40+00,2023/11/27 22:30:20+00,11169
-82.5310503,41.9680074,319514590,Within 10 metres,2023/11/27 15:10:01+00,2023/11/24 14:26:30+00,2023/11/27 22:30:20+00,11185
-82.5153916,41.9310203,319514651,Within 10 metres,2023/11/27 15:10:02+00,2023/11/24 14:27:53+00,2023/11/27 22:30:20+00,11201
-79.9637783,43.506269,319514684,Within 10 metres,2023/11/27 15:10:02+00,2023/11/24 14:26:40+00,2023/11/27 22:30:20+00,11217
-82.980755,42.2619692,319514735,Within 10 metres,2023/11/27 15:10:02+00,2023/11/24 14:26:45+00,2023/11/27 22:30:20+00,11233
-79.2871633,43.1081353,319514601,Within 10 metres,2023/11/27 15:10:01+00,2023/11/24 14:26:31+00,2023/11/27 22:30:20+00,11249
-80.4842416,43.5097618,319514673,Within 10 metres,2023/11/27 15:10:02+00,2023/11/24 14:26:39+00,2023/11/27 22:30:20+00,11265
-80.4820744,43.398235,319514689,Within 10 metres,2023/11/27 15:10:02+00,2023/11/24 14:26:40+00,2023/11/27 22:30:20+00,11281
-84.8284414,47.7527522,319514643,Within 10 metres,2023/11/27 15:10:02+00,2023/11/24 14:27:53+00,2023/11/27 22:30:20+00,11297
-79.5122258,43.9575503,319514713,Within 10 metres,2023/11/27 15:10:02+00,2023/11/24 14:26:43+00,2023/11/27 22:30:20+00,11313
-79.2140351,45.3924643,319514585,Within 10 metres,2023/11/27 15:10:01+00,2023/11/24 14:27:53+00,2023/11/27 22:30:20+00,11329
-76.5290693,44.5275804,319514788,Within 10 metres,2023/11/27 15:10:01+00,2023/11/24 14:27:53+00,2023/11/27 22:30:20+00,11345
-79.210926,43.027806,319514702,Within 10 metres,2023/11/27 15:10:02+00,2023/11/24 14:26:42+00,2023/11/27 22:30:20+00,11361
-78.2877186,44.345272,319514766,Within 10 metres,2023/11/27 15:10:00+00,2023/11/24 14:26:49+00,2023/11/27 22:30:20+00,11377
-93.438785,50.7732296,319514753,Within 10 metres,2023/11/27 15:10:00+00,2023/11/24 14:26:48+00,2023/11/27 22:30:20+00,11393
-79.2082663,44.2996262,319514650,Within 10 metres,2023/11/27 15:10:02+00,2023/11/24 14:26:36+00,2023/11/27 22:30:20+00,11409
-78.2870648,44.3454212,319514767,Within 10 metres,2023/11/27 15:10:00+00,2023/11/24 14:26:49+00,2023/11/27 22:30:20+00,11425
-78.8028947,43.8756661,319514750,Within 10 metres,2023/11/27 15:10:03+00,2023/11/24 14:26:47+00,2023/11/27 22:30:20+00,11441
-80.0297485,43.4597947,319514714,Within 10 metres,2023/11/27 15:10:02+00,2023/11/24 14:26:43+00,2023/11/27 22:30:20+00,11457
-84.3341966,46.7969572,319514772,Within 10 metres,2023/11/27 15:10:00+00,2023/11/24 14:27:53+00,2023/11/27 22:30:20+00,11473
-81.6325039,46.9030402,319514700,Within 10 metres,2023/11/27 15:10:02+00,2023/11/24 14:27:53+00,2023/11/27 22:30:20+00,11489
-90.7490676,48.391474,319514707,Within 10 metres,2023/11/27 15:10:02+00,2023/11/24 14:26:42+00,2023/11/27 22:30:20+00,11505
-79.5336534,43.9490659000001,319514695,Within 10 metres,2023/11/27 15:10:02+00,2023/11/24 14:26:41+00,2023/11/27 22:30:20+00,11521
-80.673998,44.2730069,319514667,Within 10 metres,2023/11/27 15:10:02+00,2023/11/24 14:26:38+00,2023/11/27 22:30:20+00,11537
-80.7863932,44.2564045,319514612,Within 10 metres,2023/11/27 15:10:01+00,2023/11/24 14:26:33+00,2023/11/27 22:30:20+00,11553
-80.947672,44.6193985,319514717,Within 10 metres,2023/11/27 15:10:02+00,2023/11/24 14:26:43+00,2023/11/27 22:30:20+00,11569
-76.3007007,45.1938507,319514682,Within 10 metres,2023/11/27 15:10:02+00,2023/11/24 14:26:40+00,2023/11/27 22:30:20+00,11585
-77.1491761,45.8122976,319514708,Within 10 metres,2023/11/27 15:10:02+00,2023/11/24 14:26:42+00,2023/11/27 22:30:20+00,11601
-79.5629977,43.9685193,319514686,Within 10 metres,2023/11/27 15:10:02+00,2023/11/24 14:27:53+00,2023/11/27 22:30:20+00,11617
-79.3010995,44.0663502,319514617,Within 10 metres,2023/11/27 15:10:01+00,2023/11/24 14:26:33+00,2023/11/27 22:30:20+00,11633
-78.3784549,44.4208485,319514692,Within 10 metres,2023/11/27 15:10:02+00,2023/11/24 14:26:41+00,2023/11/27 22:30:20+00,11649
-76.1963801,45.221317,319514747,Within 10 metres,2023/11/27 15:10:03+00,2023/11/24 14:26:47+00,2023/11/27 22:30:20+00,11665
-88.2594322,48.990785,319514769,Within 10 metres,2023/11/27 15:10:00+00,2023/11/24 14:27:53+00,2023/11/27 22:30:20+00,11681
-79.8699174,43.2693366,319514711,Within 10 metres,2023/11/27 15:10:02+00,2023/11/24 14:26:42+00,2023/11/27 22:30:20+00,11697
-76.6968569,45.186348,319514680,Within 10 metres,2023/11/27 15:10:02+00,2023/11/24 14:26:40+00,2023/11/27 22:30:20+00,11713
-85.6690559,48.6854198,319514625,Within 10 metres,2023/11/27 15:10:01+00,2023/11/24 14:26:34+00,2023/11/27 22:30:20+00,11729
-79.9927637,43.2399707,319514589,Within 10 metres,2023/11/27 15:10:01+00,2023/11/24 14:26:30+00,2023/11/27 22:30:20+00,11745
-79.5349708,43.954049,319514618,Within 10 metres,2023/11/27 15:10:01+00,2023/11/24 14:26:33+00,2023/11/27 22:30:20+00,11761
-79.8657894,44.852541,319514605,Within 10 metres,2023/11/27 15:10:01+00,2023/11/24 14:26:32+00,2023/11/27 22:30:20+00,11777
-80.2972392,42.8240887,319514722,Within 10 metres,2023/11/27 15:10:02+00,2023/11/24 14:26:44+00,2023/11/27 22:30:20+00,11793
-79.9085485,43.2655488,319514741,Within 10 metres,2023/11/27 15:10:02+00,2023/11/24 14:26:46+00,2023/11/27 22:30:20+00,11809
-80.6290807,43.4793748,319514687,Within 10 metres,2023/11/27 15:10:02+00,2023/11/24 14:26:40+00,2023/11/27 22:30:20+00,11825
-84.8254087,47.7528837,319514659,Within 10 metres,2023/11/27 15:10:02+00,2023/11/24 14:27:53+00,2023/11/27 22:30:20+00,11841
-79.9933506,43.2488522,319514647,Within 10 metres,2023/11/27 15:10:02+00,2023/11/24 14:26:36+00,2023/11/27 22:30:20+00,11857
-79.1535898,43.814459,319514776,Within 10 metres,2023/11/27 15:10:00+00,2023/11/24 14:26:50+00,2023/11/27 22:30:20+00,11873
-80.5241144,43.6468853,319514603,Within 10 metres,2023/11/27 15:10:01+00,2023/11/24 14:26:32+00,2023/11/27 22:30:20+00,11889
-76.9910905999999,45.0959213,319514606,Within 10 metres,2023/11/27 15:10:01+00,2023/11/24 14:26:32+00,2023/11/27 22:30:20+00,11905
-81.4563826,43.3573241,319514781,Within 10 metres,2023/11/27 15:10:00+00,2023/11/24 14:26:51+00,2023/11/27 22:30:20+00,11921
-82.8041796,46.6384633,319514751,Within 10 metres,2023/11/27 15:10:00+00,2023/11/24 14:27:53+00,2023/11/27 22:30:20+00,11937
-81.4806819,44.4057012,319514633,Within 10 metres,2023/11/27 15:10:01+00,2023/11/24 14:26:35+00,2023/11/27 22:30:20+00,11953
-78.8327884,45.1714374,319514583,Within 10 metres,2023/11/27 15:10:01+00,2023/11/24 14:26:30+00,2023/11/27 22:30:20+00,11969
-79.979485,43.636945,319514712,Within 10 metres,2023/11/27 15:10:02+00,2023/11/24 14:26:43+00,2023/11/27 22:30:20+00,11985
-74.6662772,45.0374203,319514624,Within 10 metres,2023/11/27 15:10:01+00,2023/11/24 14:26:34+00,2023/11/27 22:30:20+00,12001
-84.8960797,47.7917114,319514641,Within 10 metres,2023/11/27 15:10:02+00,2023/11/24 14:27:53+00,2023/11/27 22:30:20+00,12017
-80.7235362,42.8561843,319514629,Within 10 metres,2023/11/27 15:10:01+00,2023/11/24 14:26:34+00,2023/11/27 22:30:20+00,12033
-80.2133581,43.1639023,319514715,Within 10 metres,2023/11/27 15:10:02+00,2023/11/24 14:26:43+00,2023/11/27 22:30:20+00,12049
-76.5430272,44.5164771,319514760,Within 10 metres,2023/11/27 15:10:00+00,2023/11/24 14:27:53+00,2023/11/27 22:30:20+00,12065
-88.7381076,48.4593238,319514672,Within 10 metres,2023/11/27 15:10:02+00,2023/11/24 14:26:39+00,2023/11/27 22:30:20+00,12081
-79.7583774,43.2127546,319514742,Within 10 metres,2023/11/27 15:10:02+00,2023/11/24 14:26:46+00,2023/11/27 22:30:20+00,12097
-79.9010038,43.3229632,319514718,Within 10 metres,2023/11/27 15:10:02+00,2023/11/24 14:26:43+00,2023/11/27 22:30:20+00,12113
-86.386361,48.706881,319514693,Within 10 metres,2023/11/27 15:10:02+00,2023/11/24 14:26:41+00,2023/11/27 22:30:20+00,12129
-80.5095162,44.362579,319514658,Within 10 metres,2023/11/27 15:10:02+00,2023/11/24 14:26:37+00,2023/11/27 22:30:20+00,12145
-75.9895747,44.4675503,319514653,Within 10 metres,2023/11/27 15:10:02+00,2023/11/24 14:26:37+00,2023/11/27 22:30:20+00,12161
-80.2578972,43.1896493,319514729,Within 10 metres,2023/11/27 15:10:02+00,2023/11/24 14:26:45+00,2023/11/27 22:30:20+00,12177
-80.8631273,44.5874893,319514784,Within 10 metres,2023/11/27 15:10:00+00,2023/11/24 14:26:51+00,2023/11/27 22:30:20+00,12193
-80.3930907,43.3040215,319514675,Within 10 metres,2023/11/27 15:10:02+00,2023/11/24 14:26:39+00,2023/11/27 22:30:20+00,12209
-79.1639511,44.0222154000001,319514628,Within 10 metres,2023/11/27 15:10:01+00,2023/11/24 14:26:34+00,2023/11/27 22:30:20+00,12225
-79.1998739,43.8478137,319514773,Within 10 metres,2023/11/27 15:10:00+00,2023/11/24 14:26:50+00,2023/11/27 22:30:20+00,12241
-80.7847997,44.2601996,319514614,Within 10 metres,2023/11/27 15:10:01+00,2023/11/24 14:26:33+00,2023/11/27 22:30:20+00,12257
-80.2681175,43.3660081,319514746,Within 10 metres,2023/11/27 15:10:03+00,2023/11/24 14:26:47+00,2023/11/27 22:30:20+00,12273
-76.5308957,45.0920574,319514681,Within 10 metres,2023/11/27 15:10:02+00,2023/11/24 14:26:40+00,2023/11/27 22:30:20+00,12289
-80.1967274,45.3548143,319514635,Within 10 metres,2023/11/27 15:10:01+00,2023/11/24 14:27:53+00,2023/11/27 22:30:20+00,12305
-75.1669765,45.4909515,319514663,Within 10 metres,2023/11/27 15:10:02+00,2023/11/24 14:26:38+00,2023/11/27 22:30:20+00,12321
-79.7604368,43.6065347,319514710,Within 10 metres,2023/11/27 15:10:02+00,2023/11/24 14:26:42+00,2023/11/27 22:30:20+00,12337
-81.3136558,44.8270606,319514704,Within 10 metres,2023/11/27 15:10:02+00,2023/11/24 14:26:42+00,2023/11/27 22:30:20+00,12353
-76.6985652,44.9671661,319514677,Within 10 metres,2023/11/27 15:10:02+00,2023/11/24 14:26:39+00,2023/11/27 22:30:20+00,12369
-76.0843597,45.1152028,319514736,Within 10 metres,2023/11/27 15:10:02+00,2023/11/24 14:26:45+00,2023/11/27 22:30:20+00,12385
-79.3051372,43.0903425,319514662,Within 10 metres,2023/11/27 15:10:02+00,2023/11/24 14:26:38+00,2023/11/27 22:30:20+00,12401
-78.6011635999999,44.0623263,319514627,Within 10 metres,2023/11/27 15:10:01+00,2023/11/24 14:26:34+00,2023/11/27 22:30:20+00,12417
-78.8459011,45.1589653,319514586,Within 10 metres,2023/11/27 15:10:01+00,2023/11/24 14:26:30+00,2023/11/27 22:30:20+00,12433
-84.345654,46.7886103,319514752,Within 10 metres,2023/11/27 15:10:00+00,2023/11/24 14:27:53+00,2023/11/27 22:30:20+00,12449
-80.9803192,44.5701721,319514664,Within 10 metres,2023/11/27 15:10:02+00,2023/11/24 14:26:38+00,2023/11/27 22:30:20+00,12465
-94.5276792,49.7605371,319514655,Within 10 metres,2023/11/27 15:10:02+00,2023/11/24 14:26:37+00,2023/11/27 22:30:20+00,12481
-81.4568385,43.8256775,319514782,Within 10 metres,2023/11/27 15:10:00+00,2023/11/24 14:26:51+00,2023/11/27 22:30:20+00,12497
-79.1962877,43.8249818,319514780,Within 10 metres,2023/11/27 15:10:00+00,2023/11/24 14:26:51+00,2023/11/27 22:30:20+00,12513
-79.7767738,43.2669336,319514623,Within 10 metres,2023/11/27 15:10:01+00,2023/11/24 14:26:34+00,2023/11/27 22:30:20+00,12529
-78.866438,45.1500347,319514582,Within 10 metres,2023/11/27 15:10:01+00,2023/11/24 14:26:29+00,2023/11/27 22:30:20+00,12545
-81.6095389,43.5380866,319514670,Within 10 metres,2023/11/27 15:10:02+00,2023/11/24 14:26:39+00,2023/11/27 22:30:20+00,12561
-79.9958127,43.2456317,319514593,Within 10 metres,2023/11/27 15:10:01+00,2023/11/24 14:26:31+00,2023/11/27 22:30:20+00,12577
-79.6822953,43.426589,319514709,Within 10 metres,2023/11/27 15:10:02+00,2023/11/24 14:26:42+00,2023/11/27 22:30:20+00,12593
-78.4464527,44.1478586,319514621,Within 10 metres,2023/11/27 15:10:01+00,2023/11/24 14:26:33+00,2023/11/27 22:30:20+00,12609
-80.745878,44.1717333,319514609,Within 10 metres,2023/11/27 15:10:01+00,2023/11/24 14:26:32+00,2023/11/27 22:30:20+00,12625
-79.156663,43.8133378,319514778,Within 10 metres,2023/11/27 15:10:00+00,2023/11/24 14:26:51+00,2023/11/27 22:30:20+00,12641
-79.2142722,45.3914475,319514598,Within 10 metres,2023/11/27 15:10:01+00,2023/11/24 14:27:53+00,2023/11/27 22:30:20+00,12657
-79.6793892,43.4315598,319514734,Within 10 metres,2023/11/27 15:10:02+00,2023/11/24 14:26:45+00,2023/11/27 22:30:20+00,12673
-80.7679385,43.1452417,319514726,Within 10 metres,2023/11/27 15:10:02+00,2023/11/24 14:27:53+00,2023/11/27 22:30:20+00,12689
-79.0351294,45.3459922,319514756,Within 10 metres,2023/11/27 15:10:00+00,2023/11/24 14:27:53+00,2023/11/27 22:30:20+00,12705
-80.4196909,44.5467536,319514668,Within 10 metres,2023/11/27 15:10:02+00,2023/11/24 14:26:38+00,2023/11/27 22:30:20+00,12721
-81.5931509,43.4250862,319514768,Within 10 metres,2023/11/27 15:10:00+00,2023/11/24 14:27:53+00,2023/11/27 22:30:20+00,12737
-80.3395769,43.3761091,319514738,Within 10 metres,2023/11/27 15:10:02+00,2023/11/24 14:26:46+00,2023/11/27 22:30:20+00,12753
-86.8996231,49.6868916,319514691,Within 10 metres,2023/11/27 15:10:02+00,2023/11/24 14:26:41+00,2023/11/27 22:30:20+00,12769
-80.0012091,43.2415911000001,319514661,Within 10 metres,2023/11/27 15:10:02+00,2023/11/24 14:26:38+00,2023/11/27 22:30:20+00,12785
-84.7309858,47.4329972,319514638,Within 10 metres,2023/11/27 15:10:01+00,2023/11/24 14:26:35+00,2023/11/27 22:30:20+00,12801
-79.3051372,43.0903425,319514694,Within 10 metres,2023/11/27 15:10:02+00,2023/11/24 14:26:41+00,2023/11/27 22:30:20+00,12817
-83.0748172,42.2641815,319514783,Within 10 metres,2023/11/27 15:10:00+00,2023/11/24 14:26:51+00,2023/11/27 22:30:20+00,12833
-80.9587152,44.5515946,319514669,Within 10 metres,2023/11/27 15:10:02+00,2023/11/24 14:26:38+00,2023/11/27 22:30:20+00,12849
-79.2217082,44.3026791,319514622,Within 10 metres,2023/11/27 15:10:01+00,2023/11/24 14:26:34+00,2023/11/27 22:30:20+00,12865
-80.8614054,44.0760931,319514611,Within 10 metres,2023/11/27 15:10:01+00,2023/11/24 14:26:32+00,2023/11/27 22:30:20+00,12881
-78.8549076,45.1494893,319514584,Within 10 metres,2023/11/27 15:10:01+00,2023/11/24 14:26:30+00,2023/11/27 22:30:20+00,12897
-79.1929274,45.3888254,319514599,Within 10 metres,2023/11/27 15:10:01+00,2023/11/24 14:26:31+00,2023/11/27 22:30:20+00,12913
-80.7968313,44.2929349,319514613,Within 10 metres,2023/11/27 15:10:01+00,2023/11/24 14:26:33+00,2023/11/27 22:30:20+00,12929
-77.3543091,44.1629393,319514748,Within 10 metres,2023/11/27 15:10:03+00,2023/11/24 14:26:47+00,2023/11/27 22:30:20+00,12945
-80.5352273,44.3802368,319514703,Within 10 metres,2023/11/27 15:10:02+00,2023/11/24 14:26:42+00,2023/11/27 22:30:20+00,12961
-79.8589492,43.3712421,319514727,Within 10 metres,2023/11/27 15:10:02+00,2023/11/24 14:26:44+00,2023/11/27 22:30:20+00,12977
-79.4107206,43.6323316,319514733,Within 10 metres,2023/11/27 15:10:02+00,2023/11/24 14:26:45+00,2023/11/27 22:30:20+00,12993
-80.80844,44.2621104,319514615,Within 10 metres,2023/11/27 15:10:01+00,2023/11/24 14:26:33+00,2023/11/27 22:30:20+00,13009
-76.0312681,44.5049707,319514671,Within 10 metres,2023/11/27 15:10:02+00,2023/11/24 14:26:39+00,2023/11/27 22:30:20+00,13025
-78.0252079,45.2022959,319514779,Within 10 metres,2023/11/27 15:10:00+00,2023/11/24 14:26:51+00,2023/11/27 22:30:20+00,13041
-79.1564589,43.8117176,319514777,Within 10 metres,2023/11/27 15:10:00+00,2023/11/24 14:26:51+00,2023/11/27 22:30:20+00,13057
-81.7007668,43.7455242,319514632,Within 10 metres,2023/11/27 15:10:01+00,2023/11/24 14:26:35+00,2023/11/27 22:30:20+00,13073
-84.3495429,46.7866424,319514770,Within 10 metres,2023/11/27 15:10:00+00,2023/11/24 14:27:53+00,2023/11/27 22:30:20+00,13089
-79.957585,43.7224450000001,319514789,Within 10 metres,2023/11/27 15:10:01+00,2023/11/24 14:26:52+00,2023/11/27 22:30:20+00,13105
-78.8477136,45.1609945,319514588,Within 10 metres,2023/11/27 15:10:01+00,2023/11/24 14:26:30+00,2023/11/27 22:30:20+00,13121
-79.3648705,43.1409942,319514732,Within 10 metres,2023/11/27 15:10:02+00,2023/11/24 14:26:45+00,2023/11/27 22:30:20+00,13137
-80.3147309,43.4240391,319514725,Within 10 metres,2023/11/27 15:10:02+00,2023/11/24 14:26:44+00,2023/11/27 22:30:20+00,13153
-79.173784,44.3027288,319514642,Within 10 metres,2023/11/27 15:10:02+00,2023/11/24 14:26:36+00,2023/11/27 22:30:20+00,13169
-79.2039907,45.3905231,319514763,Within 10 metres,2023/11/27 15:10:00+00,2023/11/24 14:27:53+00,2023/11/27 22:30:20+00,13185
-79.3572392,43.7342191,319514740,Within 10 metres,2023/11/27 15:10:02+00,2023/11/24 14:26:46+00,2023/11/27 22:30:20+00,13201
-80.3026369,43.4198633,319514745,Within 10 metres,2023/11/27 15:10:02+00,2023/11/24 14:26:47+00,2023/11/27 22:30:20+00,13217
-79.9087202,44.1534638,319514699,Within 10 metres,2023/11/27 15:10:02+00,2023/11/24 14:27:53+00,2023/11/27 22:30:20+00,13233
-79.5726834,43.1883766,319514620,Within 10 metres,2023/11/27 15:10:01+00,2023/11/24 14:26:33+00,2023/11/27 22:30:20+00,13249
-76.5417193,44.9282941,319514757,Within 10 metres,2023/11/27 15:10:00+00,2023/11/24 14:26:48+00,2023/11/27 22:30:20+00,13265
-76.4713013,44.5623455,319514787,Within 10 metres,2023/11/27 15:10:01+00,2023/11/24 14:27:53+00,2023/11/27 22:30:20+00,13281
-80.9168959,43.7724615,319514604,Within 10 metres,2023/11/27 15:10:01+00,2023/11/24 14:26:32+00,2023/11/27 22:30:20+00,13297
-79.3446553,43.9447643,319514758,Within 10 metres,2023/11/27 15:10:00+00,2023/11/24 14:27:53+00,2023/11/27 22:30:20+00,13313
-79.9742195,43.391665,319514719,Within 10 metres,2023/11/27 15:10:02+00,2023/11/24 14:26:43+00,2023/11/27 22:30:20+00,13329
-79.9068188,43.2441426,319514743,Within 10 metres,2023/11/27 15:10:02+00,2023/11/24 14:26:46+00,2023/11/27 22:30:20+00,13345
-79.8679069,43.3008922,319514652,Within 10 metres,2023/11/27 15:10:02+00,2023/11/24 14:26:37+00,2023/11/27 22:30:20+00,13361
-84.8842793,47.8531785,319514698,Within 10 metres,2023/11/27 15:10:02+00,2023/11/24 14:27:53+00,2023/11/27 22:30:20+00,13377
-81.6607722,43.6614191,319514795,Within 10 metres,2023/11/27 15:10:01+00,2023/11/24 14:26:53+00,2023/11/27 22:30:20+00,13393
-80.3640704,43.3694411,319514644,Within 10 metres,2023/11/27 15:10:02+00,2023/11/24 14:26:36+00,2023/11/27 22:30:20+00,13409
-76.7227926,45.0750853,319514676,Within 10 metres,2023/11/27 15:10:02+00,2023/11/24 14:26:39+00,2023/11/27 22:30:20+00,13425
-80.0462274,45.3507323,319514705,Within 10 metres,2023/11/27 15:10:02+00,2023/11/24 14:26:42+00,2023/11/27 22:30:20+00,13441
-79.8604754999999,43.3473212,319514608,Within 10 metres,2023/11/27 15:10:01+00,2023/11/24 14:26:32+00,2023/11/27 22:30:20+00,13457
-84.8122548,47.541674,319514634,Within 10 metres,2023/11/27 15:10:01+00,2023/11/24 14:27:53+00,2023/11/27 22:30:20+00,13473
-76.6340903,45.1269149,319514580,Within 10 metres,2023/11/27 15:10:01+00,2023/11/24 14:26:29+00,2023/11/27 22:30:20+00,13489
-81.3853788,45.0373233,319514794,Within 10 metres,2023/11/27 15:10:01+00,2023/11/24 14:26:52+00,2023/11/27 22:30:20+00,13505
-85.648839,48.7008946,319514626,Within 10 metres,2023/11/27 15:10:01+00,2023/11/24 14:26:34+00,2023/11/27 22:30:20+00,13521
-82.4408572,42.0877003,319514696,Within 10 metres,2023/11/27 15:10:02+00,2023/11/24 14:26:41+00,2023/11/27 22:30:20+00,13537
-85.6560223,48.6893226,319514649,Within 10 metres,2023/11/27 15:10:02+00,2023/11/24 14:26:36+00,2023/11/27 22:30:20+00,13553
-82.4451181,42.0839082,319514792,Within 10 metres,2023/11/27 15:10:01+00,2023/11/24 14:27:53+00,2023/11/27 22:30:20+00,13569
-80.4948098,43.3985311,319514688,Within 10 metres,2023/11/27 15:10:02+00,2023/11/24 14:26:40+00,2023/11/27 22:30:20+00,13585
-78.0537874,44.9198189,319514616,Within 10 metres,2023/11/27 15:10:01+00,2023/11/24 14:27:53+00,2023/11/27 22:30:20+00,13601
-84.6484233,47.3621858,319514755,Within 10 metres,2023/11/27 15:10:00+00,2023/11/24 14:27:53+00,2023/11/27 22:30:20+00,13617
-79.5929502,43.8323689,319514594,Within 10 metres,2023/11/27 15:10:01+00,2023/11/24 14:26:31+00,2023/11/27 22:30:20+00,13633
-90.7486397,48.3917142,319514706,Within 10 metres,2023/11/27 15:10:02+00,2023/11/24 14:26:42+00,2023/11/27 22:30:20+00,13649
-78.4552108,44.1335969,319514631,Within 10 metres,2023/11/27 15:10:01+00,2023/11/24 14:26:35+00,2023/11/27 22:30:20+00,13665
-79.1543458,43.8144731,319514774,Within 10 metres,2023/11/27 15:10:00+00,2023/11/24 14:26:50+00,2023/11/27 22:30:20+00,13681
-79.1229132,43.0438735,319514685,Within 10 metres,2023/11/27 15:10:02+00,2023/11/24 14:26:40+00,2023/11/27 22:30:20+00,13697
-79.3414802,43.7452031,319514723,Within 10 metres,2023/11/27 15:10:02+00,2023/11/24 14:26:44+00,2023/11/27 22:30:20+00,13713
-81.0889943,44.8018561,319514737,Within 10 metres,2023/11/27 15:10:02+00,2023/11/24 14:26:46+00,2023/11/27 22:30:20+00,13729
-80.4620835,44.3531281,319514701,Within 10 metres,2023/11/27 15:10:02+00,2023/11/24 14:26:42+00,2023/11/27 22:30:20+00,13745
-76.4998347,45.1783197,319514678,Within 10 metres,2023/11/27 15:10:02+00,2023/11/24 14:26:39+00,2023/11/27 22:30:20+00,13761
-79.2093645,44.3059652,319514731,Within 10 metres,2023/11/27 15:10:02+00,2023/11/24 14:26:45+00,2023/11/27 22:30:20+00,13777
-78.4552108,44.1335969,319514656,Within 10 metres,2023/11/27 15:10:02+00,2023/11/24 14:26:37+00,2023/11/27 22:30:20+00,13793
-79.2013792,45.3897984,319514761,Within 10 metres,2023/11/27 15:10:00+00,2023/11/24 14:27:53+00,2023/11/27 22:30:20+00,13809
-78.8472339,45.1489675,319514587,Within 10 metres,2023/11/27 15:10:01+00,2023/11/24 14:26:30+00,2023/11/27 22:30:20+00,13825
-76.2198519,45.2137793,319514679,Within 10 metres,2023/11/27 15:10:02+00,2023/11/24 14:26:39+00,2023/11/27 22:30:20+00,13841
-79.2024104,45.3896472,319514762,Within 10 metres,2023/11/27 15:10:00+00,2023/11/24 14:27:53+00,2023/11/27 22:30:20+00,13857
-76.2310893,44.7790237,319514596,Within 10 metres,2023/11/27 15:10:01+00,2023/11/24 14:26:31+00,2023/11/27 22:30:20+00,13873
-79.2152906,45.391691,319514595,Within 10 metres,2023/11/27 15:10:01+00,2023/11/24 14:27:53+00,2023/11/27 22:30:20+00,13889
-78.230403,44.4854692,319514657,Within 10 metres,2023/11/27 15:10:02+00,2023/11/24 14:26:37+00,2023/11/27 22:30:20+00,13905
-82.4193254,49.4360294,319514785,Within 10 metres,2023/11/27 15:10:01+00,2023/11/24 14:26:51+00,2023/11/27 22:30:20+00,13921
-80.3295182,44.2853902,319514666,Within 10 metres,2023/11/27 15:10:02+00,2023/11/24 14:26:38+00,2023/11/27 22:30:20+00,13937
-79.1371475,43.8043789,319514775,Within 10 metres,2023/11/27 15:10:00+00,2023/11/24 14:26:50+00,2023/11/27 22:30:20+00,13953
-79.9785468,43.2465483,319514646,Within 10 metres,2023/11/27 15:10:02+00,2023/11/24 14:26:36+00,2023/11/27 22:30:20+00,13969
-80.6520826,44.3846068,319514640,Within 10 metres,2023/11/27 15:10:01+00,2023/11/24 14:26:36+00,2023/11/27 22:30:20+00,13985
-81.5321982,43.6042809,319514728,Within 10 metres,2023/11/27 15:10:02+00,2023/11/24 14:27:53+00,2023/11/27 22:30:20+00,14001
-79.3647159,44.2093167,319514759,Within 10 metres,2023/11/27 15:10:00+00,2023/11/24 14:26:48+00,2023/11/27 22:30:20+00,14017
-81.0839556,43.7330985,319514636,Within 10 metres,2023/11/27 15:10:01+00,2023/11/24 14:26:35+00,2023/11/27 22:30:20+00,14033
-78.1323008,44.6205428,319514765,Within 10 metres,2023/11/27 15:10:00+00,2023/11/24 14:26:49+00,2023/11/27 22:30:20+00,14049
-79.1967497,45.3900717,319514579,Within 10 metres,2023/11/27 15:10:01+00,2023/11/24 14:27:53+00,2023/11/27 22:30:20+00,14065
-78.0417527,44.609927,319514793,Within 10 metres,2023/11/27 15:10:01+00,2023/11/24 14:26:52+00,2023/11/27 22:30:20+00,14081
-82.512967,41.9320621,319514591,Within 10 metres,2023/11/27 15:10:01+00,2023/11/24 14:27:53+00,2023/11/27 22:30:20+00,14097
-76.0314443,44.5049924,319514645,Within 10 metres,2023/11/27 15:10:02+00,2023/11/24 14:26:36+00,2023/11/27 22:30:20+00,14113
-79.7735118,43.4849754,319514602,Within 10 metres,2023/11/27 15:10:01+00,2023/11/24 14:26:31+00,2023/11/27 22:30:20+00,14129
-78.3615378,44.5528898,319514739,Within 10 metres,2023/11/27 15:10:02+00,2023/11/24 14:26:46+00,2023/11/27 22:30:20+00,14145
-76.1525735,45.1304163,319514724,Within 10 metres,2023/11/27 15:10:02+00,2023/11/24 14:26:44+00,2023/11/27 22:30:20+00,14161
-79.7678394,43.2175367,319514720,Within 10 metres,2023/11/27 15:10:02+00,2023/11/24 14:26:43+00,2023/11/27 22:30:20+00,14177
-80.7147455,44.1754441,319514610,Within 10 metres,2023/11/27 15:10:01+00,2023/11/24 14:26:32+00,2023/11/27 22:30:20+00,14193
-80.5749103,45.9331105,319514648,Within 10 metres,2023/11/27 15:10:02+00,2023/11/24 14:27:53+00,2023/11/27 22:30:20+00,14209
-82.5135365,41.9326872,319514597,Within 10 metres,2023/11/27 15:10:01+00,2023/11/24 14:27:53+00,2023/11/27 22:30:20+00,14225
-81.3803332,46.5876654,319514754,Within 10 metres,2023/11/27 15:10:00+00,2023/11/24 14:27:53+00,2023/11/27 22:30:20+00,14241
-79.3109365,43.6596334,319514730,Within 10 metres,2023/11/27 15:10:02+00,2023/11/24 14:26:45+00,2023/11/27 22:30:20+00,14257
-78.5461143,45.2233805,319514764,Within 10 metres,2023/11/27 15:10:00+00,2023/11/24 14:26:49+00,2023/11/27 22:30:20+00,14273
-79.3163012,44.1881828,319514619,Within 10 metres,2023/11/27 15:10:01+00,2023/11/24 14:26:33+00,2023/11/27 22:30:20+00,14289
-80.2857704,43.3959338,319514749,Within 10 metres,2023/11/27 15:10:03+00,2023/11/24 14:26:47+00,2023/11/27 22:30:20+00,14305
-76.2161726,44.7810161,319514581,Within 10 metres,2023/11/27 15:10:01+00,2023/11/24 14:26:29+00,2023/11/27 22:30:20+00,14321
-80.8937873,44.6191662,319514665,Within 10 metres,2023/11/27 15:10:02+00,2023/11/24 14:26:38+00,2023/11/27 22:30:20+00,14337
